id,sesion_id,codigo_bus,hora_programada,hora_real_llegada,hora_real_salida,personas_esperando_antes,personas_suben,personas_bajan
0000,0000,INTERNO,15:00:00,15:03:00,15:09:00,13,11,3
0001,0000,INTERNO,15:30:00,15:34:00,15:36:00,1,0,5
0002,0000,INTERNO,16:00:00,16:02:00,16:05:00,1,0,6
0003,0001,INTERNO,08:00:00,08:04:00,08:09:00,3,2,0
0004,0001,INTERNO,08:20:00,08:22:00,08:26:00,47,45,0
0005,0001,INTERNO,08:40:00,08:40:00,08:47:00,94,75,0
0006,0001,INTERNO,09:00:00,09:02:00,09:04:00,131,77,0
0007,0001,INTERNO,09:20:00,09:26:00,09:29:00,111,105,0
0008,0001,INTERNO,09:40:00,09:45:00,09:49:00,63,60,0
0009,0001,INTERNO,10:00:00,10:04:00,10:09:00,61,59,0
0010,0001,INTERNO,10:30:00,10:32:00,10:38:00,81,79,0
0011,0002,INTERNO,12:00:00,12:03:00,12:07:00,5,1,9
0012,0002,INTERNO,12:30:00,12:33:00,12:39:00,4,4,3
0013,0002,INTERNO,13:00:00,13:05:00,13:09:00,8,1,3
0014,0002,INTERNO,13:30:00,13:34:00,13:39:00,4,4,0
0015,0003,INTERNO,14:30:00,14:31:00,14:36:00,1,0,87
0016,0003,INTERNO,15:00:00,15:03:00,15:08:00,7,0,79
0017,0003,INTERNO,15:30:00,15:34:00,15:39:00,7,0,94
0018,0003,INTERNO,16:00:00,16:04:00,16:08:00,9,0,93
0019,0004,INTERNO,14:30:00,14:33:00,14:39:00,2,2,1
0020,0004,INTERNO,15:00:00,15:02:00,15:09:00,0,0,0
0021,0004,INTERNO,15:30:00,15:33:00,15:38:00,0,0,0
0022,0004,INTERNO,16:00:00,16:03:00,16:09:00,5,4,0
0023,0005,INTERNO,09:20:00,09:25:00,09:26:00,54,54,0
0024,0005,INTERNO,09:40:00,09:43:00,09:47:00,56,54,0
0025,0005,INTERNO,10:00:00,10:05:00,10:07:00,58,56,0
0026,0005,INTERNO,10:30:00,10:31:00,10:39:00,97,91,0
0027,0006,INTERNO,08:20:00,08:20:00,08:29:00,6,4,4
0028,0006,INTERNO,08:40:00,08:40:00,08:45:00,2,1,2
0029,0006,INTERNO,09:00:00,09:02:00,09:03:00,7,6,3
0030,0006,INTERNO,09:20:00,09:20:00,09:22:00,3,3,3
0031,0006,INTERNO,09:40:00,09:40:00,09:45:00,11,10,5
0032,0006,INTERNO,10:00:00,10:01:00,10:06:00,0,0,3
0033,0006,INTERNO,10:30:00,10:32:00,10:38:00,7,6,3
0034,0007,INTERNO,09:20:00,09:22:00,09:26:00,20,18,1
0035,0007,INTERNO,09:40:00,09:42:00,09:48:00,7,5,0
0036,0007,INTERNO,10:00:00,10:03:00,10:09:00,3,3,1
0037,0007,INTERNO,10:30:00,10:34:00,10:38:00,6,6,1
0038,0008,INTERNO,14:00:00,14:03:00,14:08:00,0,0,91
0039,0008,INTERNO,14:30:00,14:33:00,14:39:00,0,0,93
0040,0008,INTERNO,15:00:00,15:01:00,15:06:00,12,0,96
0041,0008,INTERNO,15:30:00,15:35:00,15:36:00,18,0,97
0042,0008,INTERNO,16:00:00,16:03:00,16:04:00,11,0,91
0043,0009,INTERNO,08:00:00,08:03:00,08:05:00,6,2,4
0044,0009,INTERNO,08:20:00,08:20:00,08:26:00,7,4,5
0045,0009,INTERNO,09:00:00,09:05:00,09:09:00,19,15,3
0046,0009,INTERNO,09:20:00,09:22:00,09:25:00,8,1,5
0047,0009,INTERNO,09:40:00,09:44:00,09:49:00,19,10,2
0048,0009,INTERNO,10:00:00,10:03:00,10:07:00,19,8,6
0049,0009,INTERNO,10:30:00,10:35:00,10:39:00,12,3,7
0050,0010,INTERNO,11:00:00,11:03:00,11:09:00,0,0,109
0051,0010,INTERNO,11:30:00,11:30:00,11:34:00,0,0,96
0052,0010,INTERNO,12:00:00,12:02:00,12:06:00,2,0,96
0053,0010,INTERNO,12:30:00,12:34:00,12:36:00,7,0,100
0054,0010,INTERNO,13:00:00,13:04:00,13:08:00,3,0,107
0055,0010,INTERNO,13:30:00,13:32:00,13:38:00,0,0,80
0056,0011,INTERNO,14:00:00,14:00:00,14:04:00,6,5,4
0057,0011,INTERNO,14:30:00,14:33:00,14:39:00,12,4,5
0058,0011,INTERNO,15:00:00,15:08:00,15:09:00,27,2,6
0059,0011,INTERNO,15:30:00,15:30:00,15:33:00,11,9,4
0060,0011,INTERNO,16:00:00,16:02:00,16:07:00,17,16,6
0061,0012,INTERNO,11:00:00,11:01:00,11:06:00,43,8,7
0062,0012,INTERNO,11:30:00,11:33:00,11:38:00,29,6,6
0063,0012,INTERNO,12:00:00,12:02:00,12:08:00,20,7,5
0064,0012,INTERNO,12:30:00,12:35:00,12:36:00,17,7,5
0065,0012,INTERNO,13:00:00,13:03:00,13:06:00,10,9,4
0066,0013,INTERNO,11:00:00,11:02:00,11:07:00,51,13,4
0067,0013,INTERNO,11:30:00,11:33:00,11:39:00,27,3,5
0068,0013,INTERNO,12:00:00,12:00:00,12:05:00,20,7,4
0069,0013,INTERNO,12:30:00,12:34:00,12:39:00,16,15,3
0070,0013,INTERNO,13:00:00,13:02:00,13:09:00,7,6,4
0071,0013,INTERNO,13:30:00,13:32:00,13:37:00,2,2,0
0072,0014,INTERNO,11:00:00,11:04:00,11:07:00,57,54,0
0073,0014,INTERNO,11:30:00,11:32:00,11:38:00,82,82,0
0074,0014,INTERNO,12:00:00,12:03:00,12:09:00,75,73,0
0075,0014,INTERNO,12:30:00,12:31:00,12:33:00,40,39,0
0076,0014,INTERNO,13:00:00,13:00:00,13:04:00,87,86,0
0077,0014,INTERNO,13:30:00,13:34:00,13:37:00,62,59,0
0078,0015,INTERNO,14:00:00,14:05:00,14:09:00,27,26,0
0079,0015,INTERNO,14:30:00,14:36:00,14:39:00,85,84,0
0080,0015,INTERNO,15:00:00,15:03:00,15:08:00,149,99,0
0081,0015,INTERNO,15:30:00,15:35:00,15:39:00,133,101,0
0082,0015,INTERNO,16:00:00,16:05:00,16:09:00,89,85,0
0083,0016,INTERNO,11:00:00,11:00:00,11:09:00,6,0,96
0084,0016,INTERNO,11:30:00,11:32:00,11:38:00,6,0,93
0085,0016,INTERNO,12:00:00,12:00:00,12:05:00,5,0,89
0086,0016,INTERNO,12:30:00,12:32:00,12:36:00,1,0,96
0087,0016,INTERNO,13:00:00,13:00:00,13:04:00,1,0,96
0088,0016,INTERNO,13:30:00,13:30:00,13:37:00,0,0,86
0089,0017,INTERNO,14:30:00,14:34:00,14:39:00,8,4,2
0090,0017,INTERNO,15:00:00,15:00:00,15:05:00,19,5,6
0091,0017,INTERNO,15:30:00,15:33:00,15:35:00,12,11,6
0092,0017,INTERNO,16:00:00,16:02:00,16:08:00,2,1,4
0093,0018,INTERNO,14:00:00,14:05:00,14:09:00,15,14,6
0094,0018,INTERNO,15:00:00,15:01:00,15:05:00,16,15,6
0095,0018,INTERNO,15:30:00,15:31:00,15:38:00,8,7,8
0096,0018,INTERNO,16:00:00,16:05:00,16:07:00,7,7,3
0097,0019,INTERNO,11:00:00,11:00:00,11:05:00,45,10,4
0098,0019,INTERNO,11:30:00,11:36:00,11:39:00,23,9,4
0099,0019,INTERNO,12:30:00,12:33:00,12:36:00,10,8,0
0100,0019,INTERNO,13:00:00,13:05:00,13:09:00,5,4,6
0101,0019,INTERNO,13:30:00,13:34:00,13:39:00,9,8,0
0102,0020,INTERNO,11:00:00,11:02:00,11:06:00,7,6,0
0103,0020,INTERNO,11:30:00,11:30:00,11:35:00,4,4,1
0104,0020,INTERNO,12:00:00,12:02:00,12:09:00,20,18,2
0105,0020,INTERNO,12:30:00,12:31:00,12:33:00,2,0,2
0106,0020,INTERNO,13:00:00,13:03:00,13:08:00,18,16,2
0107,0020,INTERNO,13:30:00,13:32:00,13:36:00,3,3,5
0108,0021,INTERNO,08:00:00,08:02:00,08:06:00,0,0,4
0109,0021,INTERNO,08:20:00,08:22:00,08:24:00,9,4,6
0110,0021,INTERNO,08:40:00,08:40:00,08:48:00,16,10,6
0111,0021,INTERNO,09:00:00,09:00:00,09:04:00,15,14,6
0112,0021,INTERNO,09:20:00,09:24:00,09:28:00,11,10,0
0113,0021,INTERNO,09:40:00,09:43:00,09:48:00,8,7,6
0114,0021,INTERNO,10:00:00,10:00:00,10:08:00,8,7,6
0115,0021,INTERNO,10:30:00,10:34:00,10:38:00,8,7,4
0116,0022,INTERNO,11:00:00,11:04:00,11:09:00,9,9,0
0117,0022,INTERNO,11:30:00,11:34:00,11:38:00,4,4,0
0118,0022,INTERNO,12:00:00,12:01:00,12:07:00,9,8,1
0119,0022,INTERNO,12:30:00,12:31:00,12:35:00,8,5,0
0120,0022,INTERNO,13:00:00,13:03:00,13:04:00,9,8,2
0121,0022,INTERNO,13:30:00,13:32:00,13:39:00,7,6,2
0122,0023,INTERNO,14:00:00,14:00:00,14:05:00,2,2,3
0123,0023,INTERNO,14:30:00,14:33:00,14:39:00,3,2,5
0124,0023,INTERNO,15:00:00,15:00:00,15:06:00,0,0,4
0125,0023,INTERNO,15:30:00,15:36:00,15:37:00,2,2,7
0126,0023,INTERNO,16:00:00,16:01:00,16:05:00,2,2,7
0127,0024,INTERNO,08:00:00,08:01:00,08:08:00,7,5,14
0128,0024,INTERNO,08:20:00,08:23:00,08:28:00,15,13,11
0129,0024,INTERNO,08:40:00,08:40:00,08:45:00,4,4,9
0130,0024,INTERNO,09:00:00,09:04:00,09:09:00,9,8,10
0131,0024,INTERNO,09:20:00,09:27:00,09:29:00,3,3,9
0132,0024,INTERNO,09:40:00,09:47:00,09:49:00,7,6,10
0133,0024,INTERNO,10:00:00,10:03:00,10:08:00,7,7,11
0134,0024,INTERNO,10:30:00,10:34:00,10:39:00,4,4,4
0135,0025,INTERNO,08:00:00,08:02:00,08:06:00,7,7,0
0136,0025,INTERNO,08:20:00,08:22:00,08:27:00,53,52,0
0137,0025,INTERNO,08:40:00,08:41:00,08:49:00,94,75,0
0138,0025,INTERNO,09:00:00,09:02:00,09:04:00,131,77,0
0139,0025,INTERNO,09:20:00,09:26:00,09:29:00,117,101,0
0140,0025,INTERNO,09:40:00,09:41:00,09:46:00,72,71,0
0141,0025,INTERNO,10:00:00,10:04:00,10:07:00,59,58,0
0142,0025,INTERNO,10:30:00,10:30:00,10:35:00,79,78,0
0143,0026,INTERNO,11:00:00,11:04:00,11:07:00,3,3,6
0144,0026,INTERNO,11:30:00,11:31:00,11:37:00,10,9,3
0145,0026,INTERNO,12:00:00,12:03:00,12:09:00,7,7,1
0146,0026,INTERNO,12:30:00,12:33:00,12:39:00,1,1,5
0147,0026,INTERNO,13:00:00,13:04:00,13:09:00,3,3,2
0148,0026,INTERNO,13:30:00,13:31:00,13:36:00,6,5,3
0149,0027,INTERNO,08:00:00,08:02:00,08:09:00,6,6,3
0150,0027,INTERNO,08:40:00,08:40:00,08:45:00,18,9,2
0151,0027,INTERNO,09:00:00,09:05:00,09:09:00,25,13,2
0152,0027,INTERNO,09:20:00,09:28:00,09:29:00,17,15,3
0153,0027,INTERNO,09:40:00,09:42:00,09:47:00,4,3,5
0154,0027,INTERNO,10:00:00,10:01:00,10:06:00,5,1,8
0155,0027,INTERNO,10:30:00,10:33:00,10:38:00,14,5,2
0156,0028,INTERNO,08:00:00,08:04:00,08:07:00,0,0,0
0157,0028,INTERNO,08:20:00,08:20:00,08:26:00,11,9,0
0158,0028,INTERNO,08:40:00,08:44:00,08:49:00,14,5,0
0159,0028,INTERNO,09:00:00,09:00:00,09:06:00,25,4,0
0160,0028,INTERNO,09:40:00,09:45:00,09:49:00,24,13,0
0161,0028,INTERNO,10:00:00,10:04:00,10:08:00,18,3,0
0162,0028,INTERNO,10:30:00,10:31:00,10:35:00,19,6,0
0163,0029,INTERNO,08:00:00,08:00:00,08:02:00,7,5,3
0164,0029,INTERNO,08:20:00,08:20:00,08:28:00,7,5,2
0165,0029,INTERNO,08:40:00,08:44:00,08:47:00,6,4,4
0166,0029,INTERNO,09:00:00,09:00:00,09:07:00,12,11,3
0167,0029,INTERNO,09:20:00,09:23:00,09:29:00,9,9,0
0168,0029,INTERNO,09:40:00,09:43:00,09:48:00,9,8,0
0169,0029,INTERNO,10:00:00,10:00:00,10:06:00,10,9,4
0170,0029,INTERNO,10:30:00,10:30:00,10:31:00,2,1,0
0171,0030,INTERNO,14:00:00,14:05:00,14:09:00,4,3,3
0172,0030,INTERNO,14:30:00,14:33:00,14:39:00,3,3,4
0173,0030,INTERNO,15:00:00,15:03:00,15:08:00,9,8,3
0174,0030,INTERNO,15:30:00,15:31:00,15:38:00,7,6,5
0175,0030,INTERNO,16:00:00,16:07:00,16:09:00,8,7,6
0176,0031,INTERNO,11:00:00,11:01:00,11:08:00,7,6,5
0177,0031,INTERNO,12:00:00,12:04:00,12:09:00,4,2,4
0178,0031,INTERNO,13:00:00,13:05:00,13:09:00,18,6,6
0179,0031,INTERNO,13:30:00,13:32:00,13:38:00,7,5,7
0180,0032,INTERNO,14:00:00,14:04:00,14:09:00,1,0,0
0181,0032,INTERNO,14:30:00,14:33:00,14:39:00,4,4,0
0182,0032,INTERNO,15:30:00,15:32:00,15:36:00,21,16,0
0183,0032,INTERNO,16:00:00,16:03:00,16:04:00,2,2,0
0184,0033,INTERNO,11:00:00,11:00:00,11:08:00,0,0,4
0185,0033,INTERNO,11:30:00,11:31:00,11:33:00,2,2,5
0186,0033,INTERNO,12:00:00,12:03:00,12:08:00,5,4,4
0187,0033,INTERNO,12:30:00,12:32:00,12:39:00,1,0,3
0188,0033,INTERNO,13:30:00,13:39:00,13:40:00,9,8,4
0189,0034,INTERNO,08:00:00,08:04:00,08:09:00,1,0,4
0190,0034,INTERNO,08:20:00,08:23:00,08:27:00,9,8,0
0191,0034,INTERNO,08:40:00,08:42:00,08:49:00,5,4,1
0192,0034,INTERNO,09:00:00,09:00:00,09:03:00,9,7,1
0193,0034,INTERNO,09:20:00,09:21:00,09:27:00,3,3,0
0194,0034,INTERNO,09:40:00,09:43:00,09:47:00,1,1,1
0195,0034,INTERNO,10:00:00,10:05:00,10:09:00,1,0,0
0196,0034,INTERNO,10:30:00,10:31:00,10:34:00,0,0,1
0197,0035,INTERNO,11:00:00,11:01:00,11:05:00,5,4,4
0198,0035,INTERNO,11:30:00,11:34:00,11:36:00,0,0,4
0199,0035,INTERNO,12:00:00,12:01:00,12:04:00,1,0,5
0200,0035,INTERNO,12:30:00,12:30:00,12:33:00,2,2,1
0201,0035,INTERNO,13:00:00,13:02:00,13:09:00,4,4,1
0202,0035,INTERNO,13:30:00,13:36:00,13:39:00,2,0,2
0203,0036,INTERNO,11:00:00,11:00:00,11:04:00,9,7,4
0204,0036,INTERNO,11:30:00,11:34:00,11:38:00,0,0,2
0205,0036,INTERNO,12:00:00,12:00:00,12:02:00,0,0,3
0206,0036,INTERNO,12:30:00,12:33:00,12:37:00,8,7,5
0207,0036,INTERNO,13:00:00,13:03:00,13:08:00,9,9,4
0208,0036,INTERNO,13:30:00,13:34:00,13:37:00,2,0,6
0209,0037,INTERNO,11:00:00,11:02:00,11:06:00,14,11,5
0210,0037,INTERNO,11:30:00,11:30:00,11:33:00,20,15,4
0211,0037,INTERNO,12:00:00,12:03:00,12:09:00,12,11,4
0212,0037,INTERNO,12:30:00,12:34:00,12:36:00,5,4,6
0213,0037,INTERNO,13:00:00,13:00:00,13:03:00,17,14,4
0214,0038,INTERNO,14:00:00,14:03:00,14:09:00,31,27,0
0215,0038,INTERNO,14:30:00,14:32:00,14:37:00,70,67,0
0216,0038,INTERNO,15:00:00,15:02:00,15:08:00,154,96,0
0217,0038,INTERNO,15:00:00,15:03:00,15:07:00,59,59,0
0218,0038,INTERNO,15:30:00,15:36:00,15:39:00,89,85,0
0219,0038,INTERNO,16:00:00,16:02:00,16:08:00,66,63,0
0220,0039,INTERNO,14:00:00,14:06:00,14:09:00,4,3,4
0221,0039,INTERNO,14:30:00,14:30:00,14:33:00,10,8,3
0222,0039,INTERNO,15:00:00,15:00:00,15:03:00,10,9,2
0223,0039,INTERNO,15:30:00,15:35:00,15:38:00,10,8,1
0224,0039,INTERNO,16:00:00,16:01:00,16:06:00,15,13,2
0225,0040,INTERNO,14:00:00,14:04:00,14:07:00,3,3,2
0226,0040,INTERNO,14:30:00,14:31:00,14:36:00,2,2,0
0227,0040,INTERNO,15:00:00,15:08:00,15:09:00,0,0,0
0228,0040,INTERNO,15:30:00,15:33:00,15:38:00,3,2,0
0229,0040,INTERNO,16:00:00,16:00:00,16:05:00,0,0,0
0230,0041,INTERNO,14:00:00,14:04:00,14:09:00,5,4,7
0231,0041,INTERNO,14:30:00,14:31:00,14:36:00,15,14,11
0232,0041,INTERNO,15:00:00,15:02:00,15:09:00,26,23,4
0233,0041,INTERNO,15:30:00,15:33:00,15:36:00,16,14,8
0234,0041,INTERNO,16:00:00,16:01:00,16:06:00,8,7,13
0235,0042,INTERNO,11:00:00,11:03:00,11:06:00,11,4,3
0236,0042,INTERNO,11:30:00,11:36:00,11:39:00,12,6,5
0237,0042,INTERNO,12:00:00,12:02:00,12:05:00,13,6,6
0238,0042,INTERNO,12:30:00,12:34:00,12:37:00,8,7,5
0239,0042,INTERNO,13:30:00,13:33:00,13:34:00,16,5,8
0240,0043,INTERNO,14:00:00,14:00:00,14:05:00,5,5,0
0241,0043,INTERNO,14:30:00,14:31:00,14:39:00,15,9,0
0242,0043,INTERNO,15:00:00,15:03:00,15:09:00,31,3,0
0243,0043,INTERNO,15:30:00,15:32:00,15:39:00,26,16,0
0244,0043,INTERNO,16:00:00,16:03:00,16:09:00,12,4,0
0245,0044,INTERNO,08:00:00,08:04:00,08:09:00,6,6,2
0246,0044,INTERNO,08:20:00,08:21:00,08:25:00,0,0,2
0247,0044,INTERNO,08:40:00,08:43:00,08:46:00,6,6,3
0248,0044,INTERNO,09:00:00,09:01:00,09:05:00,10,9,0
0249,0044,INTERNO,09:20:00,09:23:00,09:28:00,3,3,0
0250,0044,INTERNO,09:40:00,09:42:00,09:44:00,8,8,0
0251,0044,INTERNO,10:00:00,10:03:00,10:08:00,9,9,2
0252,0044,INTERNO,10:30:00,10:31:00,10:37:00,15,14,3
0253,0045,INTERNO,08:00:00,08:06:00,08:07:00,4,3,4
0254,0045,INTERNO,08:20:00,08:21:00,08:25:00,6,5,7
0255,0045,INTERNO,08:40:00,08:43:00,08:47:00,16,14,1
0256,0045,INTERNO,09:00:00,09:02:00,09:09:00,11,9,3
0257,0045,INTERNO,09:20:00,09:25:00,09:29:00,7,7,3
0258,0045,INTERNO,09:40:00,09:45:00,09:49:00,2,0,2
0259,0045,INTERNO,10:00:00,10:06:00,10:09:00,7,5,5
0260,0045,INTERNO,10:30:00,10:34:00,10:39:00,6,6,6
0261,0046,INTERNO,14:00:00,14:01:00,14:03:00,5,4,6
0262,0046,INTERNO,14:30:00,14:31:00,14:35:00,6,4,3
0263,0046,INTERNO,15:00:00,15:02:00,15:04:00,5,4,4
0264,0046,INTERNO,15:30:00,15:30:00,15:31:00,7,1,4
0265,0046,INTERNO,16:00:00,16:00:00,16:04:00,11,9,5
0266,0047,INTERNO,08:00:00,08:01:00,08:05:00,1,0,2
0267,0047,INTERNO,08:20:00,08:20:00,08:26:00,3,3,3
0268,0047,INTERNO,08:40:00,08:42:00,08:44:00,1,1,7
0269,0047,INTERNO,09:00:00,09:02:00,09:07:00,18,5,5
0270,0047,INTERNO,09:40:00,09:40:00,09:49:00,17,15,5
0271,0047,INTERNO,10:30:00,10:35:00,10:39:00,0,0,5
0272,0048,INTERNO,11:00:00,11:01:00,11:07:00,55,53,0
0273,0048,INTERNO,11:30:00,11:34:00,11:39:00,84,82,0
0274,0048,INTERNO,12:00:00,12:04:00,12:09:00,78,78,0
0275,0048,INTERNO,12:30:00,12:33:00,12:38:00,48,46,0
0276,0048,INTERNO,13:00:00,13:03:00,13:09:00,90,90,0
0277,0048,INTERNO,13:30:00,13:33:00,13:39:00,60,55,0
0278,0049,INTERNO,08:00:00,08:06:00,08:09:00,1,0,6
0279,0049,INTERNO,08:20:00,08:22:00,08:29:00,10,8,4
0280,0049,INTERNO,08:40:00,08:41:00,08:45:00,4,4,3
0281,0049,INTERNO,09:20:00,09:22:00,09:29:00,10,8,7
0282,0049,INTERNO,09:40:00,09:41:00,09:42:00,5,4,7
0283,0049,INTERNO,10:00:00,10:01:00,10:07:00,20,4,1
0284,0049,INTERNO,10:30:00,10:31:00,10:39:00,19,13,10
0285,0050,INTERNO,11:30:00,11:30:00,11:36:00,1,0,94
0286,0050,INTERNO,12:00:00,12:05:00,12:09:00,5,0,86
0287,0050,INTERNO,12:30:00,12:31:00,12:36:00,2,0,102
0288,0050,INTERNO,13:30:00,13:33:00,13:39:00,5,0,88
0289,0051,INTERNO,14:00:00,14:01:00,14:06:00,0,0,92
0290,0051,INTERNO,14:30:00,14:32:00,14:37:00,7,0,83
0291,0051,INTERNO,15:00:00,15:04:00,15:09:00,16,0,84
0292,0051,INTERNO,15:30:00,15:34:00,15:39:00,14,0,77
0293,0051,INTERNO,16:00:00,16:05:00,16:08:00,14,0,83
0294,0052,INTERNO,14:00:00,14:05:00,14:09:00,7,7,0
0295,0052,INTERNO,14:30:00,14:30:00,14:35:00,20,12,0
0296,0052,INTERNO,15:00:00,15:03:00,15:08:00,28,3,0
0297,0052,INTERNO,15:30:00,15:32:00,15:37:00,28,12,0
0298,0052,INTERNO,16:00:00,16:03:00,16:09:00,15,2,0
0299,0053,INTERNO,14:30:00,14:32:00,14:39:00,5,5,1
0300,0053,INTERNO,15:00:00,15:06:00,15:09:00,19,10,2
0301,0053,INTERNO,16:00:00,16:01:00,16:05:00,11,4,3
0302,0054,INTERNO,14:00:00,14:05:00,14:09:00,6,5,0
0303,0054,INTERNO,14:30:00,14:31:00,14:34:00,22,4,0
0304,0054,INTERNO,15:00:00,15:00:00,15:06:00,38,4,0
0305,0054,INTERNO,15:30:00,15:33:00,15:39:00,20,16,0
0306,0054,INTERNO,16:00:00,16:00:00,16:04:00,7,6,0
0307,0055,INTERNO,14:00:00,14:05:00,14:09:00,1,0,100
0308,0055,INTERNO,15:00:00,15:04:00,15:09:00,0,0,108
0309,0055,INTERNO,15:30:00,15:32:00,15:39:00,10,0,100
0310,0056,INTERNO,08:00:00,08:02:00,08:08:00,2,1,1
0311,0056,INTERNO,08:20:00,08:23:00,08:27:00,0,0,5
0312,0056,INTERNO,08:40:00,08:44:00,08:49:00,0,0,4
0313,0056,INTERNO,09:00:00,09:05:00,09:08:00,0,0,4
0314,0056,INTERNO,09:20:00,09:21:00,09:27:00,0,0,0
0315,0056,INTERNO,09:40:00,09:41:00,09:48:00,3,3,4
0316,0056,INTERNO,10:00:00,10:03:00,10:08:00,2,0,3
0317,0056,INTERNO,10:30:00,10:31:00,10:34:00,6,4,3
0318,0057,INTERNO,11:00:00,11:04:00,11:09:00,4,4,3
0319,0057,INTERNO,11:30:00,11:32:00,11:34:00,7,5,2
0320,0057,INTERNO,12:00:00,12:01:00,12:09:00,10,9,1
0321,0057,INTERNO,12:30:00,12:31:00,12:35:00,14,12,5
0322,0057,INTERNO,13:00:00,13:03:00,13:06:00,9,7,2
0323,0057,INTERNO,13:30:00,13:32:00,13:39:00,15,13,1
0324,0058,INTERNO,14:00:00,14:00:00,14:04:00,4,3,3
0325,0058,INTERNO,14:30:00,14:33:00,14:35:00,12,10,6
0326,0058,INTERNO,15:00:00,15:06:00,15:09:00,8,8,0
0327,0058,INTERNO,15:30:00,15:32:00,15:38:00,12,11,4
0328,0058,INTERNO,16:00:00,16:01:00,16:06:00,8,7,1
0329,0059,INTERNO,11:00:00,11:06:00,11:09:00,0,0,1
0330,0059,INTERNO,11:30:00,11:32:00,11:35:00,6,5,2
0331,0059,INTERNO,12:00:00,12:01:00,12:08:00,10,9,8
0332,0059,INTERNO,12:30:00,12:32:00,12:36:00,8,7,2
0333,0059,INTERNO,13:00:00,13:00:00,13:03:00,16,14,2
0334,0059,INTERNO,13:30:00,13:35:00,13:39:00,11,9,2
0335,0060,INTERNO,08:00:00,08:01:00,08:09:00,2,1,5
0336,0060,INTERNO,08:20:00,08:23:00,08:27:00,18,4,6
0337,0060,INTERNO,08:40:00,08:44:00,08:49:00,21,14,8
0338,0060,INTERNO,09:00:00,09:02:00,09:04:00,30,19,4
0339,0060,INTERNO,09:20:00,09:22:00,09:27:00,10,9,5
0340,0060,INTERNO,09:40:00,09:45:00,09:49:00,11,10,3
0341,0060,INTERNO,10:00:00,10:03:00,10:06:00,5,5,2
0342,0060,INTERNO,10:30:00,10:32:00,10:35:00,14,10,6
0343,0061,INTERNO,08:00:00,08:00:00,08:05:00,5,4,0
0344,0061,INTERNO,08:20:00,08:25:00,08:29:00,17,8,0
0345,0061,INTERNO,08:40:00,08:43:00,08:49:00,20,3,0
0346,0061,INTERNO,09:00:00,09:00:00,09:05:00,31,10,0
0347,0061,INTERNO,09:20:00,09:25:00,09:28:00,16,5,0
0348,0061,INTERNO,09:40:00,09:43:00,09:47:00,15,14,0
0349,0061,INTERNO,10:00:00,10:02:00,10:08:00,6,4,0
0350,0062,INTERNO,11:00:00,11:06:00,11:09:00,0,0,104
0351,0062,INTERNO,12:00:00,12:02:00,12:05:00,7,0,98
0352,0062,INTERNO,12:30:00,12:32:00,12:35:00,8,0,102
0353,0062,INTERNO,13:00:00,13:02:00,13:04:00,18,0,113
0354,0062,INTERNO,13:30:00,13:33:00,13:39:00,12,0,110
0355,0063,INTERNO,11:30:00,11:34:00,11:39:00,16,3,5
0356,0063,INTERNO,12:00:00,12:00:00,12:04:00,12,5,4
0357,0063,INTERNO,12:30:00,12:30:00,12:35:00,6,5,4
0358,0063,INTERNO,13:00:00,13:00:00,13:01:00,8,7,5
0359,0063,INTERNO,13:30:00,13:35:00,13:39:00,20,10,7
0360,0064,INTERNO,14:00:00,14:01:00,14:05:00,6,5,1
0361,0064,INTERNO,14:30:00,14:30:00,14:35:00,9,7,3
0362,0064,INTERNO,15:00:00,15:02:00,15:09:00,5,4,1
0363,0064,INTERNO,15:30:00,15:32:00,15:35:00,5,4,5
0364,0064,INTERNO,16:00:00,16:04:00,16:09:00,7,7,2
0365,0065,INTERNO,11:00:00,11:02:00,11:06:00,45,13,4
0366,0065,INTERNO,11:30:00,11:32:00,11:38:00,22,19,7
0367,0065,INTERNO,12:00:00,12:02:00,12:08:00,0,0,7
0368,0065,INTERNO,12:30:00,12:35:00,12:39:00,5,4,5
0369,0065,INTERNO,13:00:00,13:00:00,13:06:00,5,4,6
0370,0066,INTERNO,11:00:00,11:00:00,11:03:00,2,2,0
0371,0066,INTERNO,11:30:00,11:30:00,11:32:00,3,2,0
0372,0066,INTERNO,12:00:00,12:01:00,12:04:00,2,2,0
0373,0066,INTERNO,12:30:00,12:34:00,12:38:00,1,0,0
0374,0066,INTERNO,13:00:00,13:02:00,13:05:00,8,6,0
0375,0066,INTERNO,13:30:00,13:33:00,13:37:00,5,4,0
0376,0067,INTERNO,08:00:00,08:04:00,08:05:00,0,0,4
0377,0067,INTERNO,08:20:00,08:24:00,08:29:00,4,2,3
0378,0067,INTERNO,08:40:00,08:44:00,08:49:00,1,0,5
0379,0067,INTERNO,09:00:00,09:00:00,09:07:00,11,9,4
0380,0067,INTERNO,09:20:00,09:22:00,09:27:00,8,5,5
0381,0067,INTERNO,09:40:00,09:44:00,09:49:00,5,2,4
0382,0067,INTERNO,10:00:00,10:02:00,10:09:00,8,7,5
0383,0067,INTERNO,10:30:00,10:31:00,10:38:00,7,7,2
0384,0068,INTERNO,11:00:00,11:02:00,11:04:00,56,56,0
0385,0068,INTERNO,11:30:00,11:30:00,11:33:00,71,71,0
0386,0068,INTERNO,12:00:00,12:04:00,12:09:00,74,70,0
0387,0068,INTERNO,12:30:00,12:31:00,12:39:00,46,44,0
0388,0068,INTERNO,13:00:00,13:02:00,13:07:00,80,76,0
0389,0068,INTERNO,13:30:00,13:34:00,13:35:00,54,53,0
0390,0069,INTERNO,11:00:00,11:02:00,11:06:00,0,0,6
0391,0069,INTERNO,11:30:00,11:32:00,11:34:00,10,9,2
0392,0069,INTERNO,12:00:00,12:04:00,12:07:00,0,0,2
0393,0069,INTERNO,12:30:00,12:33:00,12:35:00,2,1,1
0394,0069,INTERNO,13:00:00,13:02:00,13:05:00,2,2,3
0395,0069,INTERNO,13:30:00,13:30:00,13:33:00,3,3,0
0396,0070,INTERNO,14:00:00,14:02:00,14:09:00,8,5,4
0397,0070,INTERNO,14:30:00,14:36:00,14:39:00,4,4,4
0398,0070,INTERNO,15:00:00,15:02:00,15:07:00,10,8,8
0399,0070,INTERNO,15:30:00,15:38:00,15:39:00,14,6,8
0400,0070,INTERNO,16:00:00,16:04:00,16:08:00,15,8,4
0401,0071,INTERNO,08:00:00,08:07:00,08:09:00,0,0,87
0402,0071,INTERNO,08:20:00,08:22:00,08:27:00,1,0,87
0403,0071,INTERNO,09:00:00,09:00:00,09:06:00,3,0,78
0404,0071,INTERNO,10:00:00,10:02:00,10:08:00,5,0,83
0405,0071,INTERNO,10:30:00,10:33:00,10:39:00,6,0,91
0406,0072,INTERNO,11:00:00,11:02:00,11:09:00,12,9,5
0407,0072,INTERNO,11:30:00,11:33:00,11:37:00,9,7,2
0408,0072,INTERNO,12:00:00,12:00:00,12:05:00,3,1,4
0409,0072,INTERNO,12:30:00,12:32:00,12:38:00,1,1,1
0410,0072,INTERNO,13:00:00,13:01:00,13:05:00,8,7,0
0411,0072,INTERNO,13:30:00,13:30:00,13:38:00,1,1,8
0412,0073,INTERNO,11:00:00,11:03:00,11:07:00,2,2,6
0413,0073,INTERNO,11:30:00,11:33:00,11:39:00,7,5,5
0414,0073,INTERNO,12:00:00,12:02:00,12:03:00,4,3,3
0415,0073,INTERNO,12:30:00,12:34:00,12:39:00,3,2,7
0416,0073,INTERNO,13:00:00,13:00:00,13:07:00,17,3,7
0417,0073,INTERNO,13:30:00,13:33:00,13:38:00,10,9,4
0418,0074,INTERNO,14:00:00,14:02:00,14:09:00,3,3,6
0419,0074,INTERNO,14:30:00,14:31:00,14:35:00,3,3,11
0420,0074,INTERNO,15:00:00,15:02:00,15:08:00,27,22,8
0421,0074,INTERNO,15:30:00,15:32:00,15:36:00,11,9,8
0422,0074,INTERNO,16:00:00,16:02:00,16:04:00,8,8,6
0423,0075,INTERNO,14:00:00,14:01:00,14:07:00,4,4,12
0424,0075,INTERNO,14:30:00,14:34:00,14:39:00,6,5,8
0425,0075,INTERNO,15:00:00,15:04:00,15:09:00,6,5,7
0426,0075,INTERNO,15:30:00,15:34:00,15:39:00,6,6,13
0427,0075,INTERNO,16:00:00,16:01:00,16:05:00,9,6,7
0428,0076,INTERNO,11:00:00,11:06:00,11:09:00,10,9,1
0429,0076,INTERNO,11:30:00,11:30:00,11:34:00,9,8,1
0430,0076,INTERNO,12:00:00,12:01:00,12:05:00,5,5,2
0431,0076,INTERNO,12:30:00,12:30:00,12:35:00,8,5,1
0432,0076,INTERNO,13:00:00,13:02:00,13:03:00,9,8,0
0433,0076,INTERNO,13:30:00,13:33:00,13:39:00,0,0,5
0434,0077,INTERNO,11:00:00,11:07:00,11:09:00,1,0,91
0435,0077,INTERNO,11:30:00,11:34:00,11:37:00,0,0,90
0436,0077,INTERNO,12:00:00,12:02:00,12:07:00,5,0,83
0437,0077,INTERNO,12:30:00,12:33:00,12:36:00,7,0,91
0438,0077,INTERNO,13:30:00,13:34:00,13:37:00,5,0,84
0439,0078,INTERNO,11:00:00,11:03:00,11:07:00,3,3,10
0440,0078,INTERNO,11:30:00,11:33:00,11:39:00,10,10,9
0441,0078,INTERNO,12:00:00,12:01:00,12:06:00,13,10,5
0442,0078,INTERNO,12:30:00,12:36:00,12:39:00,11,8,7
0443,0078,INTERNO,13:00:00,13:02:00,13:05:00,9,8,6
0444,0078,INTERNO,13:30:00,13:34:00,13:37:00,7,6,4
0445,0079,INTERNO,08:00:00,08:04:00,08:08:00,4,4,1
0446,0079,INTERNO,08:40:00,08:42:00,08:49:00,11,8,8
0447,0079,INTERNO,09:00:00,09:01:00,09:04:00,12,9,2
0448,0079,INTERNO,09:20:00,09:24:00,09:29:00,5,5,3
0449,0079,INTERNO,10:00:00,10:03:00,10:07:00,9,3,6
0450,0079,INTERNO,10:30:00,10:33:00,10:36:00,4,4,5
0451,0080,INTERNO,14:00:00,14:03:00,14:06:00,0,0,3
0452,0080,INTERNO,14:30:00,14:30:00,14:36:00,9,7,5
0453,0080,INTERNO,15:00:00,15:02:00,15:09:00,6,5,4
0454,0080,INTERNO,15:30:00,15:34:00,15:37:00,12,10,4
0455,0080,INTERNO,16:00:00,16:02:00,16:09:00,7,6,3
0456,0081,INTERNO,14:00:00,14:03:00,14:09:00,2,2,3
0457,0081,INTERNO,14:30:00,14:30:00,14:35:00,1,1,2
0458,0081,INTERNO,15:00:00,15:04:00,15:07:00,8,7,0
0459,0081,INTERNO,15:30:00,15:32:00,15:37:00,6,4,0
0460,0081,INTERNO,16:00:00,16:03:00,16:07:00,9,6,0
0461,0082,INTERNO,08:00:00,08:01:00,08:07:00,0,0,4
0462,0082,INTERNO,08:20:00,08:23:00,08:27:00,4,4,1
0463,0082,INTERNO,08:40:00,08:45:00,08:49:00,4,4,4
0464,0082,INTERNO,09:00:00,09:02:00,09:04:00,2,2,1
0465,0082,INTERNO,09:20:00,09:25:00,09:29:00,6,4,3
0466,0082,INTERNO,09:40:00,09:42:00,09:46:00,1,1,1
0467,0082,INTERNO,10:00:00,10:05:00,10:09:00,0,0,4
0468,0082,INTERNO,10:30:00,10:35:00,10:39:00,10,9,4
0469,0083,INTERNO,11:00:00,11:01:00,11:02:00,3,3,6
0470,0083,INTERNO,11:30:00,11:34:00,11:39:00,2,2,5
0471,0083,INTERNO,12:00:00,12:05:00,12:09:00,3,3,7
0472,0083,INTERNO,12:30:00,12:31:00,12:38:00,1,0,7
0473,0083,INTERNO,13:00:00,13:02:00,13:05:00,4,2,3
0474,0084,INTERNO,08:00:00,08:03:00,08:09:00,8,7,4
0475,0084,INTERNO,08:20:00,08:27:00,08:29:00,4,4,6
0476,0084,INTERNO,08:40:00,08:47:00,08:49:00,4,3,8
0477,0084,INTERNO,09:00:00,09:00:00,09:01:00,8,5,3
0478,0084,INTERNO,09:20:00,09:23:00,09:25:00,6,5,2
0479,0084,INTERNO,09:40:00,09:44:00,09:49:00,1,1,4
0480,0084,INTERNO,10:00:00,10:01:00,10:06:00,4,4,4
0481,0084,INTERNO,10:30:00,10:30:00,10:34:00,3,3,5
0482,0085,INTERNO,11:00:00,11:04:00,11:09:00,9,7,4
0483,0085,INTERNO,11:30:00,11:33:00,11:39:00,6,6,5
0484,0085,INTERNO,12:00:00,12:01:00,12:09:00,10,7,6
0485,0085,INTERNO,12:30:00,12:31:00,12:38:00,2,2,7
0486,0085,INTERNO,13:00:00,13:03:00,13:07:00,1,1,3
0487,0085,INTERNO,13:30:00,13:32:00,13:39:00,1,1,1
0488,0086,INTERNO,14:00:00,14:03:00,14:07:00,3,3,4
0489,0086,INTERNO,14:30:00,14:30:00,14:35:00,0,0,4
0490,0086,INTERNO,15:00:00,15:03:00,15:07:00,1,0,4
0491,0086,INTERNO,15:30:00,15:37:00,15:39:00,3,3,6
0492,0086,INTERNO,16:00:00,16:00:00,16:06:00,1,0,2
0493,0087,INTERNO,11:00:00,11:03:00,11:08:00,2,2,1
0494,0087,INTERNO,11:30:00,11:34:00,11:39:00,9,8,0
0495,0087,INTERNO,12:00:00,12:02:00,12:08:00,4,4,0
0496,0087,INTERNO,12:30:00,12:30:00,12:35:00,2,2,0
0497,0087,INTERNO,13:00:00,13:00:00,13:05:00,10,9,0
0498,0087,INTERNO,13:30:00,13:33:00,13:39:00,0,0,0
0499,0088,INTERNO,14:00:00,14:01:00,14:09:00,1,0,77
0500,0088,INTERNO,14:30:00,14:32:00,14:37:00,0,0,87
0501,0088,INTERNO,15:00:00,15:04:00,15:08:00,9,0,73
0502,0088,INTERNO,15:30:00,15:33:00,15:38:00,10,0,73
0503,0088,INTERNO,16:00:00,16:02:00,16:07:00,15,0,76
0504,0089,INTERNO,14:00:00,14:03:00,14:07:00,7,6,13
0505,0089,INTERNO,14:30:00,14:35:00,14:39:00,6,4,8
0506,0089,INTERNO,15:00:00,15:03:00,15:09:00,5,4,8
0507,0089,INTERNO,15:30:00,15:30:00,15:34:00,9,8,5
0508,0089,INTERNO,16:00:00,16:03:00,16:08:00,5,4,6
0509,0090,INTERNO,08:00:00,08:02:00,08:03:00,4,4,3
0510,0090,INTERNO,08:20:00,08:23:00,08:25:00,1,1,4
0511,0090,INTERNO,08:40:00,08:40:00,08:46:00,2,2,2
0512,0090,INTERNO,09:00:00,09:07:00,09:09:00,8,8,3
0513,0090,INTERNO,09:20:00,09:20:00,09:26:00,4,4,3
0514,0090,INTERNO,09:40:00,09:41:00,09:45:00,5,4,3
0515,0090,INTERNO,10:00:00,10:02:00,10:05:00,8,5,7
0516,0090,INTERNO,10:30:00,10:30:00,10:36:00,13,6,7
0517,0091,INTERNO,11:00:00,11:03:00,11:07:00,4,4,4
0518,0091,INTERNO,11:30:00,11:33:00,11:39:00,9,8,3
0519,0091,INTERNO,12:00:00,12:05:00,12:09:00,9,8,3
0520,0091,INTERNO,13:00:00,13:01:00,13:06:00,7,7,2
0521,0091,INTERNO,13:30:00,13:33:00,13:39:00,9,8,6
0522,0092,INTERNO,11:30:00,11:37:00,11:39:00,25,13,8
0523,0092,INTERNO,12:00:00,12:00:00,12:05:00,10,3,3
0524,0092,INTERNO,12:30:00,12:34:00,12:39:00,10,3,6
0525,0092,INTERNO,13:00:00,13:00:00,13:07:00,19,8,2
0526,0092,INTERNO,13:30:00,13:35:00,13:39:00,16,1,5
0527,0093,INTERNO,11:00:00,11:07:00,11:08:00,7,7,1
0528,0093,INTERNO,11:30:00,11:32:00,11:37:00,11,11,0
0529,0093,INTERNO,12:00:00,12:02:00,12:08:00,10,9,0
0530,0093,INTERNO,12:30:00,12:34:00,12:38:00,14,12,4
0531,0093,INTERNO,13:00:00,13:02:00,13:04:00,10,9,0
0532,0093,INTERNO,13:30:00,13:37:00,13:39:00,5,5,1
0533,0094,INTERNO,11:00:00,11:02:00,11:03:00,4,4,1
0534,0094,INTERNO,11:30:00,11:30:00,11:35:00,8,6,2
0535,0094,INTERNO,12:00:00,12:00:00,12:03:00,10,8,0
0536,0094,INTERNO,12:30:00,12:32:00,12:39:00,8,7,2
0537,0094,INTERNO,13:00:00,13:01:00,13:05:00,6,4,1
0538,0094,INTERNO,13:30:00,13:30:00,13:34:00,11,10,1
0539,0095,INTERNO,11:00:00,11:01:00,11:05:00,1,1,0
0540,0095,INTERNO,11:30:00,11:30:00,11:33:00,10,9,4
0541,0095,INTERNO,12:00:00,12:02:00,12:08:00,1,0,7
0542,0095,INTERNO,12:30:00,12:32:00,12:35:00,16,12,3
0543,0095,INTERNO,13:00:00,13:03:00,13:08:00,8,7,2
0544,0095,INTERNO,13:30:00,13:31:00,13:38:00,4,4,5
0545,0096,INTERNO,11:00:00,11:02:00,11:07:00,5,0,108
0546,0096,INTERNO,11:30:00,11:33:00,11:37:00,0,0,103
0547,0096,INTERNO,12:00:00,12:03:00,12:08:00,6,0,87
0548,0096,INTERNO,12:30:00,12:31:00,12:38:00,11,0,96
0549,0096,INTERNO,13:00:00,13:03:00,13:04:00,13,0,104
0550,0097,INTERNO,08:00:00,08:02:00,08:07:00,1,1,2
0551,0097,INTERNO,08:20:00,08:24:00,08:29:00,6,5,4
0552,0097,INTERNO,08:40:00,08:47:00,08:49:00,9,5,5
0553,0097,INTERNO,09:00:00,09:04:00,09:05:00,11,5,11
0554,0097,INTERNO,09:20:00,09:23:00,09:29:00,7,7,2
0555,0097,INTERNO,09:40:00,09:40:00,09:44:00,14,11,3
0556,0097,INTERNO,10:00:00,10:05:00,10:09:00,6,6,8
0557,0097,INTERNO,10:30:00,10:32:00,10:37:00,16,9,5
0558,0098,INTERNO,11:00:00,11:04:00,11:07:00,6,6,5
0559,0098,INTERNO,11:30:00,11:32:00,11:35:00,2,2,1
0560,0098,INTERNO,12:00:00,12:06:00,12:09:00,6,6,8
0561,0098,INTERNO,12:30:00,12:32:00,12:39:00,0,0,8
0562,0098,INTERNO,13:00:00,13:07:00,13:09:00,10,5,6
0563,0098,INTERNO,13:30:00,13:31:00,13:39:00,2,2,7
0564,0099,INTERNO,11:00:00,11:02:00,11:06:00,45,16,4
0565,0099,INTERNO,11:30:00,11:31:00,11:37:00,15,1,3
0566,0099,INTERNO,12:00:00,12:02:00,12:09:00,8,5,7
0567,0099,INTERNO,12:30:00,12:30:00,12:35:00,11,10,2
0568,0099,INTERNO,13:00:00,13:03:00,13:09:00,3,3,4
0569,0099,INTERNO,13:30:00,13:33:00,13:39:00,2,2,0
0570,0100,INTERNO,08:00:00,08:03:00,08:06:00,9,8,0
0571,0100,INTERNO,08:20:00,08:22:00,08:29:00,45,44,0
0572,0100,INTERNO,08:40:00,08:40:00,08:46:00,102,97,0
0573,0100,INTERNO,09:00:00,09:04:00,09:09:00,130,78,0
0574,0100,INTERNO,09:20:00,09:24:00,09:29:00,109,102,0
0575,0100,INTERNO,09:40:00,09:44:00,09:48:00,58,57,0
0576,0100,INTERNO,10:00:00,10:03:00,10:07:00,59,58,0
0577,0100,INTERNO,10:30:00,10:33:00,10:38:00,80,80,0
0578,0101,INTERNO,14:00:00,14:02:00,14:07:00,2,2,7
0579,0101,INTERNO,14:30:00,14:32:00,14:35:00,9,7,4
0580,0101,INTERNO,15:00:00,15:02:00,15:03:00,9,7,3
0581,0101,INTERNO,15:30:00,15:31:00,15:34:00,13,10,4
0582,0101,INTERNO,16:00:00,16:01:00,16:07:00,11,10,7
0583,0102,INTERNO,11:00:00,11:00:00,11:06:00,7,6,3
0584,0102,INTERNO,11:30:00,11:34:00,11:39:00,21,13,8
0585,0102,INTERNO,12:00:00,12:04:00,12:09:00,14,5,3
0586,0102,INTERNO,12:30:00,12:35:00,12:39:00,7,6,4
0587,0102,INTERNO,13:00:00,13:02:00,13:09:00,7,6,3
0588,0102,INTERNO,13:30:00,13:33:00,13:37:00,5,5,8
0589,0103,INTERNO,08:00:00,08:00:00,08:06:00,3,3,3
0590,0103,INTERNO,08:20:00,08:23:00,08:29:00,5,3,7
0591,0103,INTERNO,08:40:00,08:42:00,08:44:00,1,1,4
0592,0103,INTERNO,09:00:00,09:00:00,09:06:00,11,10,1
0593,0103,INTERNO,09:20:00,09:24:00,09:29:00,12,10,0
0594,0103,INTERNO,09:40:00,09:47:00,09:49:00,11,9,3
0595,0103,INTERNO,10:00:00,10:03:00,10:07:00,3,3,5
0596,0103,INTERNO,10:30:00,10:37:00,10:39:00,10,8,4
0597,0104,INTERNO,14:00:00,14:02:00,14:07:00,0,0,3
0598,0104,INTERNO,14:30:00,14:33:00,14:39:00,0,0,1
0599,0104,INTERNO,15:00:00,15:05:00,15:07:00,4,4,1
0600,0104,INTERNO,15:30:00,15:32:00,15:35:00,1,1,4
0601,0104,INTERNO,16:00:00,16:04:00,16:09:00,1,1,3
0602,0105,INTERNO,14:00:00,14:03:00,14:09:00,0,0,3
0603,0105,INTERNO,14:30:00,14:31:00,14:33:00,6,6,3
0604,0105,INTERNO,15:00:00,15:02:00,15:05:00,20,18,3
0605,0105,INTERNO,15:30:00,15:33:00,15:37:00,3,2,2
0606,0105,INTERNO,16:00:00,16:00:00,16:06:00,11,10,3
0607,0106,INTERNO,08:00:00,08:03:00,08:04:00,0,0,1
0608,0106,INTERNO,08:20:00,08:26:00,08:29:00,8,6,2
0609,0106,INTERNO,08:40:00,08:44:00,08:48:00,9,8,0
0610,0106,INTERNO,09:00:00,09:00:00,09:04:00,11,10,1
0611,0106,INTERNO,09:20:00,09:22:00,09:26:00,7,6,5
0612,0106,INTERNO,09:40:00,09:43:00,09:49:00,5,3,1
0613,0106,INTERNO,10:00:00,10:02:00,10:04:00,1,1,3
0614,0106,INTERNO,10:30:00,10:30:00,10:32:00,10,8,3
0615,0107,INTERNO,11:00:00,11:06:00,11:09:00,8,7,2
0616,0107,INTERNO,11:30:00,11:30:00,11:39:00,10,9,2
0617,0107,INTERNO,12:00:00,12:02:00,12:06:00,14,13,3
0618,0107,INTERNO,12:30:00,12:37:00,12:39:00,1,1,1
0619,0107,INTERNO,13:00:00,13:05:00,13:09:00,6,5,3
0620,0107,INTERNO,13:30:00,13:30:00,13:35:00,5,5,2
0621,0108,INTERNO,14:00:00,14:05:00,14:07:00,0,0,0
0622,0108,INTERNO,14:30:00,14:34:00,14:39:00,16,13,5
0623,0108,INTERNO,15:00:00,15:03:00,15:09:00,6,3,2
0624,0108,INTERNO,15:30:00,15:30:00,15:36:00,11,9,7
0625,0109,INTERNO,14:00:00,14:01:00,14:06:00,0,0,97
0626,0109,INTERNO,14:30:00,14:30:00,14:32:00,4,0,94
0627,0109,INTERNO,15:00:00,15:01:00,15:09:00,5,0,99
0628,0109,INTERNO,15:30:00,15:35:00,15:38:00,0,0,88
0629,0109,INTERNO,16:00:00,16:03:00,16:09:00,1,0,99
0630,0110,INTERNO,14:00:00,14:01:00,14:09:00,6,5,9
0631,0110,INTERNO,14:30:00,14:34:00,14:38:00,10,9,8
0632,0110,INTERNO,15:00:00,15:04:00,15:08:00,11,9,10
0633,0110,INTERNO,15:30:00,15:36:00,15:39:00,10,9,5
0634,0110,INTERNO,16:00:00,16:01:00,16:05:00,5,4,9
0635,0111,INTERNO,11:00:00,11:05:00,11:09:00,10,9,7
0636,0111,INTERNO,11:30:00,11:31:00,11:34:00,5,4,3
0637,0111,INTERNO,12:00:00,12:01:00,12:04:00,10,8,6
0638,0111,INTERNO,12:30:00,12:32:00,12:39:00,3,3,7
0639,0111,INTERNO,13:00:00,13:00:00,13:03:00,8,7,13
0640,0111,INTERNO,13:30:00,13:33:00,13:39:00,12,10,4
0641,0112,INTERNO,14:00:00,14:01:00,14:06:00,1,0,97
0642,0112,INTERNO,15:00:00,15:00:00,15:07:00,3,0,94
0643,0112,INTERNO,15:30:00,15:33:00,15:35:00,1,0,87
0644,0112,INTERNO,16:00:00,16:01:00,16:05:00,11,0,83
0645,0113,INTERNO,15:00:00,15:01:00,15:06:00,23,7,6
0646,0113,INTERNO,15:30:00,15:31:00,15:34:00,11,8,5
0647,0113,INTERNO,16:00:00,16:00:00,16:06:00,8,6,6
0648,0114,INTERNO,08:00:00,08:02:00,08:09:00,0,0,0
0649,0114,INTERNO,08:20:00,08:22:00,08:26:00,9,9,0
0650,0114,INTERNO,09:00:00,09:04:00,09:09:00,35,8,0
0651,0114,INTERNO,09:20:00,09:23:00,09:29:00,18,12,0
0652,0114,INTERNO,09:40:00,09:41:00,09:46:00,15,15,0
0653,0114,INTERNO,10:00:00,10:04:00,10:08:00,11,11,0
0654,0114,INTERNO,10:30:00,10:33:00,10:36:00,15,5,0
0655,0115,INTERNO,11:00:00,11:00:00,11:07:00,9,3,0
0656,0115,INTERNO,11:30:00,11:32:00,11:38:00,18,4,0
0657,0115,INTERNO,12:00:00,12:00:00,12:09:00,13,2,0
0658,0115,INTERNO,12:30:00,12:30:00,12:35:00,6,6,0
0659,0115,INTERNO,13:00:00,13:01:00,13:09:00,5,5,0
0660,0115,INTERNO,13:30:00,13:33:00,13:38:00,3,3,0
0661,0116,INTERNO,14:00:00,14:05:00,14:09:00,4,4,4
0662,0116,INTERNO,14:30:00,14:33:00,14:37:00,8,8,0
0663,0116,INTERNO,15:00:00,15:00:00,15:02:00,16,14,0
0664,0116,INTERNO,15:30:00,15:33:00,15:39:00,8,7,0
0665,0116,INTERNO,16:00:00,16:00:00,16:02:00,14,12,3
0666,0117,INTERNO,08:00:00,08:05:00,08:09:00,1,1,4
0667,0117,INTERNO,08:20:00,08:22:00,08:26:00,10,9,3
0668,0117,INTERNO,08:40:00,08:40:00,08:44:00,8,7,4
0669,0117,INTERNO,09:00:00,09:01:00,09:09:00,3,3,6
0670,0117,INTERNO,09:20:00,09:23:00,09:27:00,0,0,7
0671,0117,INTERNO,09:40:00,09:40:00,09:46:00,8,5,4
0672,0117,INTERNO,10:00:00,10:02:00,10:06:00,4,4,2
0673,0117,INTERNO,10:30:00,10:33:00,10:39:00,5,4,5
0674,0118,INTERNO,08:00:00,08:01:00,08:06:00,4,0,84
0675,0118,INTERNO,08:20:00,08:22:00,08:29:00,3,0,87
0676,0118,INTERNO,08:40:00,08:40:00,08:44:00,6,0,91
0677,0118,INTERNO,09:20:00,09:22:00,09:25:00,4,0,92
0678,0118,INTERNO,09:40:00,09:42:00,09:47:00,3,0,81
0679,0118,INTERNO,10:00:00,10:03:00,10:07:00,6,0,75
0680,0118,INTERNO,10:30:00,10:33:00,10:35:00,4,0,71
0681,0119,INTERNO,14:00:00,14:04:00,14:06:00,0,0,0
0682,0119,INTERNO,14:30:00,14:35:00,14:39:00,5,4,8
0683,0119,INTERNO,15:00:00,15:04:00,15:09:00,11,8,3
0684,0119,INTERNO,15:30:00,15:30:00,15:33:00,1,1,6
0685,0119,INTERNO,16:00:00,16:02:00,16:04:00,8,6,7
0686,0120,INTERNO,08:00:00,08:03:00,08:06:00,1,0,87
0687,0120,INTERNO,08:20:00,08:22:00,08:27:00,4,0,94
0688,0120,INTERNO,08:40:00,08:42:00,08:49:00,7,0,94
0689,0120,INTERNO,09:00:00,09:06:00,09:09:00,7,0,97
0690,0120,INTERNO,09:20:00,09:20:00,09:28:00,4,0,90
0691,0120,INTERNO,09:40:00,09:45:00,09:49:00,2,0,94
0692,0120,INTERNO,10:00:00,10:00:00,10:04:00,6,0,93
0693,0120,INTERNO,10:30:00,10:33:00,10:39:00,2,0,101
0694,0121,INTERNO,11:00:00,11:03:00,11:08:00,21,13,0
0695,0121,INTERNO,11:30:00,11:30:00,11:34:00,11,11,0
0696,0121,INTERNO,12:00:00,12:04:00,12:09:00,19,16,0
0697,0121,INTERNO,12:30:00,12:31:00,12:36:00,9,9,0
0698,0121,INTERNO,13:00:00,13:04:00,13:08:00,5,4,0
0699,0121,INTERNO,13:30:00,13:34:00,13:35:00,14,6,0
0700,0122,INTERNO,11:00:00,11:06:00,11:09:00,2,1,0
0701,0122,INTERNO,11:30:00,11:31:00,11:37:00,16,15,1
0702,0122,INTERNO,12:00:00,12:04:00,12:09:00,10,9,2
0703,0122,INTERNO,12:30:00,12:32:00,12:35:00,8,7,2
0704,0122,INTERNO,13:00:00,13:01:00,13:07:00,6,4,2
0705,0122,INTERNO,13:30:00,13:34:00,13:35:00,8,7,2
0706,0123,INTERNO,08:00:00,08:01:00,08:04:00,6,5,7
0707,0123,INTERNO,08:20:00,08:22:00,08:25:00,10,9,11
0708,0123,INTERNO,08:40:00,08:44:00,08:49:00,19,18,8
0709,0123,INTERNO,09:00:00,09:02:00,09:05:00,15,13,7
0710,0123,INTERNO,09:20:00,09:22:00,09:24:00,0,0,5
0711,0123,INTERNO,09:40:00,09:42:00,09:47:00,9,9,6
0712,0123,INTERNO,10:00:00,10:06:00,10:09:00,2,2,13
0713,0123,INTERNO,10:30:00,10:32:00,10:37:00,13,11,12
0714,0124,INTERNO,11:00:00,11:02:00,11:07:00,3,2,4
0715,0124,INTERNO,11:30:00,11:34:00,11:39:00,8,6,3
0716,0124,INTERNO,12:00:00,12:03:00,12:09:00,2,2,2
0717,0124,INTERNO,12:30:00,12:32:00,12:39:00,0,0,4
0718,0124,INTERNO,13:00:00,13:03:00,13:04:00,2,2,4
0719,0124,INTERNO,13:30:00,13:31:00,13:36:00,5,4,3
0720,0125,INTERNO,11:00:00,11:03:00,11:09:00,15,10,4
0721,0125,INTERNO,11:30:00,11:31:00,11:33:00,10,1,3
0722,0125,INTERNO,12:00:00,12:03:00,12:06:00,11,10,2
0723,0125,INTERNO,12:30:00,12:35:00,12:37:00,4,4,1
0724,0125,INTERNO,13:00:00,13:03:00,13:06:00,4,4,6
0725,0125,INTERNO,13:30:00,13:35:00,13:39:00,9,9,2
0726,0126,INTERNO,08:00:00,08:01:00,08:05:00,4,2,4
0727,0126,INTERNO,08:20:00,08:23:00,08:25:00,7,6,0
0728,0126,INTERNO,08:40:00,08:42:00,08:49:00,11,10,0
0729,0126,INTERNO,09:00:00,09:04:00,09:07:00,6,5,0
0730,0126,INTERNO,09:20:00,09:23:00,09:27:00,0,0,1
0731,0126,INTERNO,09:40:00,09:43:00,09:49:00,3,2,0
0732,0126,INTERNO,10:00:00,10:05:00,10:09:00,0,0,1
0733,0126,INTERNO,10:30:00,10:35:00,10:39:00,2,2,0
0734,0127,INTERNO,14:00:00,14:01:00,14:05:00,0,0,1
0735,0127,INTERNO,14:30:00,14:32:00,14:34:00,0,0,3
0736,0127,INTERNO,15:00:00,15:03:00,15:09:00,5,5,4
0737,0127,INTERNO,15:30:00,15:32:00,15:38:00,3,3,9
0738,0127,INTERNO,16:00:00,16:01:00,16:06:00,8,6,2
0739,0128,INTERNO,11:00:00,11:04:00,11:09:00,7,6,5
0740,0128,INTERNO,11:30:00,11:35:00,11:39:00,15,13,5
0741,0128,INTERNO,12:00:00,12:04:00,12:08:00,6,3,7
0742,0128,INTERNO,12:30:00,12:31:00,12:36:00,8,4,7
0743,0128,INTERNO,13:00:00,13:00:00,13:04:00,0,0,5
0744,0128,INTERNO,13:30:00,13:33:00,13:39:00,7,5,3
0745,0129,INTERNO,08:00:00,08:01:00,08:02:00,5,0,81
0746,0129,INTERNO,08:20:00,08:20:00,08:26:00,11,0,90
0747,0129,INTERNO,08:40:00,08:41:00,08:45:00,12,0,78
0748,0129,INTERNO,09:00:00,09:03:00,09:09:00,14,0,91
0749,0129,INTERNO,09:20:00,09:24:00,09:27:00,15,0,95
0750,0129,INTERNO,09:40:00,09:44:00,09:49:00,10,0,96
0751,0129,INTERNO,10:00:00,10:02:00,10:07:00,11,0,100
0752,0129,INTERNO,10:30:00,10:34:00,10:39:00,2,0,97
0753,0130,INTERNO,14:00:00,14:01:00,14:05:00,0,0,0
0754,0130,INTERNO,14:30:00,14:35:00,14:36:00,7,4,6
0755,0130,INTERNO,15:00:00,15:00:00,15:04:00,10,7,1
0756,0130,INTERNO,15:30:00,15:34:00,15:37:00,0,0,4
0757,0130,INTERNO,16:00:00,16:02:00,16:03:00,1,0,7
0758,0131,INTERNO,14:00:00,14:04:00,14:09:00,2,1,1
0759,0131,INTERNO,14:30:00,14:33:00,14:39:00,5,5,0
0760,0131,INTERNO,15:00:00,15:03:00,15:09:00,22,19,3
0761,0131,INTERNO,15:30:00,15:34:00,15:39:00,9,8,2
0762,0131,INTERNO,16:00:00,16:04:00,16:09:00,23,21,5
0763,0132,INTERNO,14:00:00,14:06:00,14:09:00,8,0,91
0764,0132,INTERNO,14:30:00,14:31:00,14:39:00,11,0,83
0765,0132,INTERNO,15:00:00,15:02:00,15:03:00,17,0,91
0766,0132,INTERNO,15:30:00,15:34:00,15:39:00,12,0,79
0767,0132,INTERNO,16:00:00,16:01:00,16:06:00,3,0,99
0768,0133,INTERNO,11:00:00,11:02:00,11:09:00,2,1,7
0769,0133,INTERNO,11:30:00,11:30:00,11:35:00,3,3,8
0770,0133,INTERNO,12:00:00,12:03:00,12:09:00,10,7,8
0771,0133,INTERNO,12:30:00,12:32:00,12:38:00,8,6,5
0772,0133,INTERNO,13:00:00,13:02:00,13:07:00,10,6,7
0773,0133,INTERNO,13:30:00,13:33:00,13:37:00,6,5,7
0774,0134,INTERNO,14:00:00,14:03:00,14:09:00,6,6,0
0775,0134,INTERNO,14:30:00,14:33:00,14:39:00,15,9,0
0776,0134,INTERNO,15:00:00,15:03:00,15:08:00,18,16,0
0777,0134,INTERNO,16:00:00,16:01:00,16:08:00,15,15,0
0778,0135,INTERNO,08:20:00,08:21:00,08:26:00,16,12,8
0779,0135,INTERNO,08:40:00,08:44:00,08:46:00,10,8,7
0780,0135,INTERNO,09:00:00,09:04:00,09:09:00,10,9,7
0781,0135,INTERNO,09:40:00,09:43:00,09:47:00,4,2,3
0782,0135,INTERNO,10:00:00,10:00:00,10:04:00,5,4,9
0783,0135,INTERNO,10:30:00,10:30:00,10:34:00,7,5,2
0784,0136,INTERNO,14:00:00,14:06:00,14:09:00,0,0,2
0785,0136,INTERNO,14:30:00,14:30:00,14:35:00,3,3,1
0786,0136,INTERNO,15:00:00,15:04:00,15:08:00,13,11,0
0787,0136,INTERNO,15:30:00,15:35:00,15:36:00,6,5,1
0788,0136,INTERNO,16:00:00,16:00:00,16:03:00,7,6,1
0789,0137,INTERNO,14:00:00,14:05:00,14:09:00,4,3,3
0790,0137,INTERNO,14:30:00,14:32:00,14:37:00,11,10,5
0791,0137,INTERNO,15:00:00,15:02:00,15:06:00,22,20,6
0792,0137,INTERNO,15:30:00,15:32:00,15:37:00,9,6,4
0793,0137,INTERNO,16:00:00,16:06:00,16:09:00,4,3,3
0794,0138,INTERNO,14:00:00,14:02:00,14:06:00,13,6,2
0795,0138,INTERNO,14:30:00,14:33:00,14:39:00,20,10,4
0796,0138,INTERNO,15:00:00,15:05:00,15:09:00,20,9,1
0797,0139,INTERNO,11:00:00,11:01:00,11:07:00,45,9,5
0798,0139,INTERNO,12:00:00,12:03:00,12:09:00,27,8,5
0799,0139,INTERNO,12:30:00,12:31:00,12:35:00,15,1,8
0800,0139,INTERNO,13:00:00,13:04:00,13:08:00,14,8,4
0801,0139,INTERNO,13:30:00,13:30:00,13:36:00,0,0,0
0802,0140,INTERNO,14:00:00,14:02:00,14:08:00,4,4,0
0803,0140,INTERNO,14:30:00,14:33:00,14:38:00,17,13,0
0804,0140,INTERNO,15:00:00,15:00:00,15:03:00,31,24,0
0805,0140,INTERNO,15:30:00,15:30:00,15:35:00,14,14,0
0806,0140,INTERNO,16:00:00,16:03:00,16:09:00,12,11,0
0807,0141,INTERNO,11:00:00,11:08:00,11:09:00,4,4,0
0808,0141,INTERNO,11:30:00,11:33:00,11:38:00,24,5,0
0809,0141,INTERNO,12:00:00,12:01:00,12:04:00,25,10,0
0810,0141,INTERNO,12:30:00,12:32:00,12:36:00,11,11,0
0811,0141,INTERNO,13:00:00,13:05:00,13:09:00,20,11,0
0812,0141,INTERNO,13:30:00,13:31:00,13:35:00,22,13,0
0813,0142,INTERNO,08:40:00,08:42:00,08:46:00,3,3,4
0814,0142,INTERNO,09:00:00,09:05:00,09:09:00,19,2,2
0815,0142,INTERNO,09:20:00,09:23:00,09:27:00,19,15,3
0816,0142,INTERNO,09:40:00,09:45:00,09:49:00,4,2,4
0817,0142,INTERNO,10:00:00,10:02:00,10:09:00,2,0,6
0818,0143,INTERNO,14:00:00,14:04:00,14:09:00,5,0,78
0819,0143,INTERNO,14:30:00,14:33:00,14:37:00,7,0,92
0820,0143,INTERNO,15:00:00,15:00:00,15:03:00,0,0,93
0821,0143,INTERNO,15:30:00,15:35:00,15:39:00,0,0,91
0822,0143,INTERNO,16:00:00,16:00:00,16:02:00,2,0,88
0823,0144,INTERNO,11:00:00,11:02:00,11:07:00,1,0,2
0824,0144,INTERNO,11:30:00,11:31:00,11:36:00,5,5,2
0825,0144,INTERNO,12:00:00,12:02:00,12:09:00,0,0,2
0826,0144,INTERNO,12:30:00,12:30:00,12:32:00,1,1,1
0827,0144,INTERNO,13:00:00,13:02:00,13:09:00,6,5,5
0828,0144,INTERNO,13:30:00,13:32:00,13:37:00,0,0,1
0829,0145,INTERNO,08:00:00,08:08:00,08:09:00,5,3,4
0830,0145,INTERNO,08:20:00,08:20:00,08:28:00,2,2,1
0831,0145,INTERNO,08:40:00,08:47:00,08:49:00,0,0,4
0832,0145,INTERNO,09:00:00,09:08:00,09:09:00,12,11,1
0833,0145,INTERNO,09:20:00,09:20:00,09:24:00,8,7,3
0834,0145,INTERNO,09:40:00,09:40:00,09:45:00,1,0,2
0835,0145,INTERNO,10:00:00,10:05:00,10:09:00,2,2,1
0836,0145,INTERNO,10:30:00,10:33:00,10:39:00,5,5,2
0837,0146,INTERNO,11:00:00,11:04:00,11:09:00,1,0,97
0838,0146,INTERNO,11:30:00,11:32:00,11:34:00,0,0,97
0839,0146,INTERNO,12:00:00,12:03:00,12:05:00,3,0,89
0840,0146,INTERNO,12:30:00,12:34:00,12:37:00,1,0,98
0841,0146,INTERNO,13:00:00,13:01:00,13:07:00,3,0,99
0842,0147,INTERNO,14:00:00,14:02:00,14:07:00,7,5,4
0843,0147,INTERNO,14:30:00,14:32:00,14:36:00,4,3,0
0844,0147,INTERNO,15:00:00,15:05:00,15:09:00,8,8,1
0845,0147,INTERNO,15:30:00,15:30:00,15:35:00,10,9,3
0846,0147,INTERNO,16:00:00,16:07:00,16:09:00,12,11,1
0847,0148,INTERNO,11:00:00,11:02:00,11:06:00,42,7,6
0848,0148,INTERNO,12:00:00,12:02:00,12:08:00,21,13,4
0849,0148,INTERNO,12:30:00,12:34:00,12:39:00,2,2,3
0850,0148,INTERNO,13:00:00,13:03:00,13:09:00,3,3,4
0851,0148,INTERNO,13:30:00,13:34:00,13:36:00,3,2,0
0852,0149,INTERNO,08:00:00,08:03:00,08:06:00,0,0,100
0853,0149,INTERNO,08:20:00,08:21:00,08:25:00,4,0,102
0854,0149,INTERNO,09:00:00,09:02:00,09:09:00,3,0,108
0855,0149,INTERNO,09:20:00,09:24:00,09:26:00,5,0,111
0856,0149,INTERNO,09:40:00,09:40:00,09:41:00,6,0,88
0857,0149,INTERNO,10:00:00,10:03:00,10:09:00,1,0,111
0858,0149,INTERNO,10:30:00,10:32:00,10:35:00,0,0,102
0859,0150,INTERNO,11:00:00,11:05:00,11:08:00,47,7,11
0860,0150,INTERNO,11:30:00,11:34:00,11:39:00,35,6,2
0861,0150,INTERNO,12:00:00,12:07:00,12:09:00,29,15,6
0862,0150,INTERNO,12:30:00,12:30:00,12:38:00,9,8,4
0863,0150,INTERNO,13:00:00,13:02:00,13:07:00,3,3,4
0864,0150,INTERNO,13:30:00,13:32:00,13:37:00,4,2,0
0865,0151,INTERNO,08:00:00,08:03:00,08:08:00,1,0,4
0866,0151,INTERNO,08:20:00,08:25:00,08:26:00,4,3,5
0867,0151,INTERNO,08:40:00,08:43:00,08:47:00,4,4,4
0868,0151,INTERNO,09:00:00,09:02:00,09:08:00,7,6,3
0869,0151,INTERNO,09:20:00,09:20:00,09:21:00,3,3,6
0870,0151,INTERNO,09:40:00,09:43:00,09:49:00,11,7,5
0871,0151,INTERNO,10:00:00,10:04:00,10:08:00,8,7,6
0872,0151,INTERNO,10:30:00,10:31:00,10:39:00,9,1,1
0873,0152,INTERNO,08:00:00,08:04:00,08:09:00,9,3,6
0874,0152,INTERNO,08:40:00,08:42:00,08:47:00,15,11,5
0875,0152,INTERNO,09:00:00,09:02:00,09:06:00,9,9,7
0876,0152,INTERNO,09:20:00,09:24:00,09:28:00,2,2,4
0877,0152,INTERNO,09:40:00,09:43:00,09:46:00,17,15,3
0878,0152,INTERNO,10:00:00,10:02:00,10:09:00,9,8,6
0879,0152,INTERNO,10:30:00,10:33:00,10:36:00,11,1,6
0880,0153,INTERNO,11:00:00,11:03:00,11:07:00,10,2,0
0881,0153,INTERNO,11:30:00,11:32:00,11:36:00,21,6,0
0882,0153,INTERNO,12:00:00,12:03:00,12:05:00,18,8,0
0883,0153,INTERNO,12:30:00,12:33:00,12:35:00,17,3,0
0884,0153,INTERNO,13:00:00,13:02:00,13:06:00,27,5,0
0885,0153,INTERNO,13:30:00,13:31:00,13:39:00,22,10,0
0886,0154,INTERNO,08:00:00,08:02:00,08:05:00,0,0,3
0887,0154,INTERNO,08:20:00,08:21:00,08:27:00,7,6,1
0888,0154,INTERNO,08:40:00,08:43:00,08:49:00,9,7,0
0889,0154,INTERNO,09:00:00,09:04:00,09:09:00,13,12,1
0890,0154,INTERNO,09:20:00,09:21:00,09:28:00,6,5,1
0891,0154,INTERNO,09:40:00,09:45:00,09:49:00,8,7,1
0892,0154,INTERNO,10:00:00,10:03:00,10:09:00,15,12,2
0893,0154,INTERNO,10:30:00,10:30:00,10:33:00,19,17,2
0894,0155,INTERNO,14:00:00,14:01:00,14:05:00,7,6,3
0895,0155,INTERNO,14:30:00,14:33:00,14:39:00,3,3,5
0896,0155,INTERNO,15:00:00,15:01:00,15:04:00,10,9,6
0897,0155,INTERNO,15:30:00,15:31:00,15:33:00,0,0,2
0898,0155,INTERNO,16:00:00,16:02:00,16:08:00,3,3,2
0899,0156,INTERNO,08:00:00,08:04:00,08:09:00,7,7,0
0900,0156,INTERNO,08:40:00,08:41:00,08:46:00,25,9,0
0901,0156,INTERNO,09:00:00,09:00:00,09:05:00,21,1,0
0902,0156,INTERNO,09:20:00,09:22:00,09:25:00,17,16,0
0903,0156,INTERNO,09:40:00,09:41:00,09:48:00,15,10,0
0904,0156,INTERNO,10:00:00,10:00:00,10:04:00,13,5,0
0905,0156,INTERNO,10:30:00,10:35:00,10:39:00,12,7,0
0906,0157,INTERNO,14:00:00,14:00:00,14:03:00,1,1,0
0907,0157,INTERNO,14:30:00,14:34:00,14:36:00,4,4,4
0908,0157,INTERNO,15:00:00,15:02:00,15:09:00,15,12,6
0909,0157,INTERNO,15:30:00,15:37:00,15:39:00,6,5,5
0910,0157,INTERNO,16:00:00,16:05:00,16:08:00,1,1,2
0911,0158,INTERNO,14:00:00,14:00:00,14:04:00,1,0,107
0912,0158,INTERNO,14:30:00,14:30:00,14:36:00,2,0,105
0913,0158,INTERNO,15:00:00,15:01:00,15:05:00,5,0,106
0914,0158,INTERNO,15:30:00,15:30:00,15:34:00,2,0,99
0915,0158,INTERNO,16:00:00,16:01:00,16:09:00,0,0,111
0916,0159,INTERNO,11:00:00,11:00:00,11:06:00,3,0,107
0917,0159,INTERNO,11:30:00,11:34:00,11:39:00,10,0,91
0918,0159,INTERNO,12:00:00,12:01:00,12:02:00,9,0,102
0919,0159,INTERNO,12:30:00,12:32:00,12:37:00,6,0,106
0920,0159,INTERNO,13:00:00,13:03:00,13:08:00,8,0,101
0921,0159,INTERNO,13:30:00,13:31:00,13:35:00,17,0,92
0922,0160,INTERNO,11:00:00,11:03:00,11:06:00,9,6,5
0923,0160,INTERNO,11:30:00,11:34:00,11:39:00,9,8,2
0924,0160,INTERNO,12:00:00,12:01:00,12:06:00,2,2,3
0925,0160,INTERNO,12:30:00,12:34:00,12:37:00,7,7,3
0926,0160,INTERNO,13:00:00,13:03:00,13:09:00,4,4,4
0927,0160,INTERNO,13:30:00,13:33:00,13:36:00,1,0,4
0928,0161,INTERNO,14:00:00,14:05:00,14:09:00,4,4,0
0929,0161,INTERNO,14:30:00,14:30:00,14:35:00,7,6,3
0930,0161,INTERNO,15:00:00,15:05:00,15:09:00,19,6,6
0931,0161,INTERNO,15:30:00,15:32:00,15:37:00,13,5,7
0932,0161,INTERNO,16:00:00,16:02:00,16:09:00,11,10,5
0933,0162,INTERNO,08:00:00,08:01:00,08:08:00,6,6,3
0934,0162,INTERNO,08:20:00,08:21:00,08:24:00,5,4,7
0935,0162,INTERNO,08:40:00,08:43:00,08:49:00,10,9,3
0936,0162,INTERNO,09:00:00,09:07:00,09:09:00,12,3,4
0937,0162,INTERNO,09:20:00,09:25:00,09:29:00,15,13,7
0938,0162,INTERNO,09:40:00,09:43:00,09:49:00,9,5,2
0939,0162,INTERNO,10:00:00,10:04:00,10:09:00,14,3,5
0940,0162,INTERNO,10:30:00,10:33:00,10:39:00,5,5,7
0941,0163,INTERNO,08:00:00,08:00:00,08:04:00,5,5,0
0942,0163,INTERNO,08:20:00,08:22:00,08:26:00,53,52,0
0943,0163,INTERNO,08:40:00,08:40:00,08:43:00,90,75,0
0944,0163,INTERNO,09:00:00,09:05:00,09:09:00,134,77,0
0945,0163,INTERNO,09:20:00,09:20:00,09:26:00,117,106,0
0946,0163,INTERNO,09:40:00,09:43:00,09:49:00,73,69,0
0947,0163,INTERNO,10:00:00,10:04:00,10:08:00,54,53,0
0948,0163,INTERNO,10:30:00,10:32:00,10:39:00,78,77,0
0949,0164,INTERNO,11:00:00,11:04:00,11:09:00,1,1,10
0950,0164,INTERNO,11:30:00,11:30:00,11:37:00,4,4,9
0951,0164,INTERNO,12:00:00,12:02:00,12:09:00,6,6,11
0952,0164,INTERNO,12:30:00,12:34:00,12:39:00,4,3,8
0953,0164,INTERNO,13:00:00,13:00:00,13:09:00,8,6,12
0954,0164,INTERNO,13:30:00,13:31:00,13:35:00,4,4,4
0955,0165,INTERNO,14:00:00,14:05:00,14:09:00,7,5,11
0956,0165,INTERNO,14:30:00,14:32:00,14:38:00,5,4,10
0957,0165,INTERNO,15:00:00,15:01:00,15:05:00,32,27,8
0958,0165,INTERNO,15:30:00,15:34:00,15:39:00,17,15,13
0959,0165,INTERNO,16:00:00,16:02:00,16:09:00,11,9,13
0960,0166,INTERNO,14:00:00,14:04:00,14:08:00,28,27,0
0961,0166,INTERNO,14:30:00,14:31:00,14:38:00,75,75,0
0962,0166,INTERNO,15:00:00,15:02:00,15:09:00,156,105,0
0963,0166,INTERNO,15:00:00,15:02:00,15:09:00,52,49,0
0964,0166,INTERNO,15:30:00,15:34:00,15:39:00,81,79,0
0965,0166,INTERNO,16:00:00,16:04:00,16:06:00,69,68,0
0966,0167,INTERNO,11:00:00,11:01:00,11:07:00,3,0,79
0967,0167,INTERNO,11:30:00,11:32:00,11:35:00,4,0,79
0968,0167,INTERNO,12:00:00,12:06:00,12:09:00,5,0,75
0969,0167,INTERNO,12:30:00,12:34:00,12:39:00,9,0,75
0970,0167,INTERNO,13:00:00,13:02:00,13:09:00,10,0,82
0971,0167,INTERNO,13:30:00,13:33:00,13:35:00,7,0,70
0972,0168,INTERNO,08:00:00,08:02:00,08:06:00,0,0,0
0973,0168,INTERNO,08:20:00,08:20:00,08:21:00,52,50,0
0974,0168,INTERNO,08:40:00,08:40:00,08:43:00,104,99,0
0975,0168,INTERNO,09:00:00,09:03:00,09:05:00,115,78,0
0976,0168,INTERNO,09:20:00,09:20:00,09:21:00,89,85,0
0977,0168,INTERNO,09:40:00,09:44:00,09:49:00,59,58,0
0978,0168,INTERNO,10:00:00,10:02:00,10:03:00,51,50,0
0979,0168,INTERNO,10:30:00,10:35:00,10:39:00,83,81,0
0980,0169,INTERNO,11:00:00,11:04:00,11:09:00,9,5,0
0981,0169,INTERNO,11:30:00,11:31:00,11:33:00,11,9,0
0982,0169,INTERNO,12:00:00,12:02:00,12:09:00,9,2,0
0983,0169,INTERNO,12:30:00,12:30:00,12:34:00,13,13,0
0984,0169,INTERNO,13:00:00,13:01:00,13:07:00,13,5,0
0985,0169,INTERNO,13:30:00,13:33:00,13:37:00,19,3,0
0986,0170,INTERNO,08:20:00,08:20:00,08:24:00,9,7,3
0987,0170,INTERNO,08:40:00,08:41:00,08:48:00,5,5,3
0988,0170,INTERNO,09:00:00,09:04:00,09:09:00,17,13,7
0989,0170,INTERNO,09:40:00,09:45:00,09:46:00,14,5,6
0990,0170,INTERNO,10:00:00,10:04:00,10:09:00,4,4,1
0991,0170,INTERNO,10:30:00,10:34:00,10:39:00,9,8,7
0992,0171,INTERNO,14:00:00,14:00:00,14:03:00,7,5,4
0993,0171,INTERNO,14:30:00,14:34:00,14:39:00,13,12,0
0994,0171,INTERNO,15:00:00,15:05:00,15:09:00,22,19,1
0995,0171,INTERNO,15:30:00,15:30:00,15:38:00,0,0,2
0996,0171,INTERNO,16:00:00,16:05:00,16:06:00,9,7,2
0997,0172,INTERNO,14:00:00,14:04:00,14:09:00,29,29,0
0998,0172,INTERNO,14:30:00,14:32:00,14:38:00,76,76,0
0999,0172,INTERNO,15:00:00,15:02:00,15:09:00,156,99,0
1000,0172,INTERNO,15:00:00,15:03:00,15:07:00,57,56,0
1001,0172,INTERNO,15:30:00,15:30:00,15:34:00,72,69,0
1002,0172,INTERNO,16:00:00,16:04:00,16:09:00,82,81,0
1003,0173,INTERNO,08:00:00,08:00:00,08:04:00,1,0,4
1004,0173,INTERNO,08:40:00,08:45:00,08:49:00,18,8,4
1005,0173,INTERNO,09:00:00,09:03:00,09:08:00,14,1,10
1006,0173,INTERNO,09:20:00,09:22:00,09:25:00,9,8,8
1007,0173,INTERNO,09:40:00,09:44:00,09:49:00,3,3,5
1008,0173,INTERNO,10:00:00,10:03:00,10:07:00,3,2,2
1009,0173,INTERNO,10:30:00,10:33:00,10:38:00,11,5,3
1010,0174,INTERNO,14:00:00,14:02:00,14:09:00,1,0,5
1011,0174,INTERNO,15:00:00,15:02:00,15:04:00,17,8,8
1012,0174,INTERNO,15:30:00,15:34:00,15:36:00,19,16,5
1013,0174,INTERNO,16:00:00,16:02:00,16:07:00,8,6,4
1014,0175,INTERNO,14:00:00,14:04:00,14:08:00,7,6,0
1015,0175,INTERNO,14:30:00,14:31:00,14:35:00,3,3,0
1016,0175,INTERNO,15:00:00,15:00:00,15:02:00,8,7,0
1017,0175,INTERNO,15:30:00,15:33:00,15:39:00,0,0,0
1018,0175,INTERNO,16:00:00,16:02:00,16:06:00,0,0,0
1019,0176,INTERNO,11:00:00,11:06:00,11:07:00,0,0,77
1020,0176,INTERNO,11:30:00,11:31:00,11:39:00,10,0,91
1021,0176,INTERNO,12:00:00,12:00:00,12:04:00,13,0,81
1022,0176,INTERNO,12:30:00,12:31:00,12:32:00,15,0,81
1023,0176,INTERNO,13:00:00,13:00:00,13:06:00,20,0,92
1024,0176,INTERNO,13:30:00,13:31:00,13:37:00,24,0,88
1025,0177,INTERNO,08:00:00,08:04:00,08:09:00,3,3,8
1026,0177,INTERNO,08:40:00,08:43:00,08:45:00,14,12,2
1027,0177,INTERNO,09:00:00,09:05:00,09:06:00,16,10,5
1028,0177,INTERNO,09:20:00,09:24:00,09:28:00,17,3,6
1029,0177,INTERNO,09:40:00,09:43:00,09:46:00,11,10,8
1030,0177,INTERNO,10:00:00,10:00:00,10:04:00,19,4,9
1031,0177,INTERNO,10:30:00,10:30:00,10:37:00,12,11,3
1032,0178,INTERNO,08:00:00,08:00:00,08:06:00,0,0,84
1033,0178,INTERNO,08:20:00,08:26:00,08:29:00,3,0,88
1034,0178,INTERNO,08:40:00,08:41:00,08:44:00,7,0,86
1035,0178,INTERNO,09:20:00,09:20:00,09:27:00,6,0,83
1036,0178,INTERNO,09:40:00,09:46:00,09:49:00,12,0,81
1037,0178,INTERNO,10:00:00,10:00:00,10:04:00,9,0,82
1038,0178,INTERNO,10:30:00,10:33:00,10:39:00,12,0,88
1039,0179,INTERNO,11:00:00,11:00:00,11:07:00,45,4,5
1040,0179,INTERNO,12:00:00,12:04:00,12:08:00,26,12,5
1041,0179,INTERNO,12:30:00,12:33:00,12:39:00,17,6,9
1042,0179,INTERNO,13:00:00,13:07:00,13:09:00,9,7,7
1043,0179,INTERNO,13:30:00,13:34:00,13:39:00,3,1,0
1044,0180,INTERNO,11:00:00,11:04:00,11:09:00,5,4,1
1045,0180,INTERNO,11:30:00,11:36:00,11:39:00,11,10,3
1046,0180,INTERNO,12:00:00,12:04:00,12:09:00,11,10,2
1047,0180,INTERNO,12:30:00,12:32:00,12:37:00,5,4,1
1048,0180,INTERNO,13:00:00,13:01:00,13:07:00,9,9,2
1049,0180,INTERNO,13:30:00,13:34:00,13:36:00,8,6,3
1050,0181,INTERNO,14:00:00,14:02:00,14:06:00,1,0,76
1051,0181,INTERNO,14:30:00,14:35:00,14:39:00,1,0,97
1052,0181,INTERNO,15:00:00,15:05:00,15:09:00,12,0,88
1053,0181,INTERNO,15:30:00,15:31:00,15:35:00,19,0,79
1054,0181,INTERNO,16:00:00,16:01:00,16:06:00,19,0,80
1055,0182,INTERNO,08:00:00,08:00:00,08:06:00,0,0,5
1056,0182,INTERNO,08:20:00,08:20:00,08:25:00,2,2,8
1057,0182,INTERNO,08:40:00,08:43:00,08:49:00,14,11,5
1058,0182,INTERNO,09:00:00,09:00:00,09:06:00,10,8,6
1059,0182,INTERNO,09:20:00,09:25:00,09:29:00,6,5,5
1060,0182,INTERNO,10:00:00,10:04:00,10:09:00,0,0,3
1061,0182,INTERNO,10:30:00,10:33:00,10:38:00,9,8,5
1062,0183,INTERNO,14:00:00,14:01:00,14:09:00,0,0,91
1063,0183,INTERNO,14:30:00,14:32:00,14:36:00,2,0,96
1064,0183,INTERNO,15:00:00,15:00:00,15:03:00,5,0,97
1065,0183,INTERNO,15:30:00,15:32:00,15:39:00,1,0,84
1066,0183,INTERNO,16:00:00,16:00:00,16:06:00,4,0,93
1067,0184,INTERNO,08:00:00,08:04:00,08:08:00,3,1,0
1068,0184,INTERNO,08:20:00,08:21:00,08:26:00,11,11,0
1069,0184,INTERNO,08:40:00,08:41:00,08:44:00,20,2,0
1070,0184,INTERNO,09:00:00,09:04:00,09:09:00,32,15,0
1071,0184,INTERNO,09:20:00,09:23:00,09:27:00,10,10,0
1072,0184,INTERNO,09:40:00,09:40:00,09:44:00,7,7,0
1073,0184,INTERNO,10:00:00,10:05:00,10:09:00,3,3,0
1074,0184,INTERNO,10:30:00,10:33:00,10:36:00,16,11,0
1075,0185,INTERNO,08:00:00,08:01:00,08:04:00,2,2,2
1076,0185,INTERNO,08:20:00,08:20:00,08:26:00,1,1,2
1077,0185,INTERNO,08:40:00,08:40:00,08:44:00,11,9,1
1078,0185,INTERNO,09:00:00,09:03:00,09:09:00,13,12,4
1079,0185,INTERNO,09:20:00,09:20:00,09:24:00,13,12,3
1080,0185,INTERNO,09:40:00,09:41:00,09:45:00,6,6,1
1081,0185,INTERNO,10:00:00,10:04:00,10:09:00,5,4,4
1082,0185,INTERNO,10:30:00,10:33:00,10:34:00,8,7,0
1083,0186,INTERNO,08:20:00,08:25:00,08:29:00,11,10,4
1084,0186,INTERNO,08:40:00,08:41:00,08:45:00,4,3,3
1085,0186,INTERNO,09:20:00,09:23:00,09:27:00,8,7,6
1086,0186,INTERNO,09:40:00,09:42:00,09:46:00,18,3,6
1087,0186,INTERNO,10:00:00,10:03:00,10:08:00,19,6,3
1088,0186,INTERNO,10:30:00,10:30:00,10:35:00,15,2,5
1089,0187,INTERNO,14:00:00,14:04:00,14:09:00,7,5,0
1090,0187,INTERNO,15:00:00,15:00:00,15:04:00,23,20,0
1091,0187,INTERNO,15:30:00,15:32:00,15:37:00,20,10,0
1092,0187,INTERNO,16:00:00,16:04:00,16:09:00,16,15,0
1093,0188,INTERNO,08:00:00,08:02:00,08:06:00,3,3,6
1094,0188,INTERNO,08:20:00,08:24:00,08:28:00,6,3,11
1095,0188,INTERNO,08:40:00,08:41:00,08:46:00,7,6,4
1096,0188,INTERNO,09:00:00,09:01:00,09:07:00,13,3,5
1097,0188,INTERNO,09:20:00,09:20:00,09:27:00,5,5,3
1098,0188,INTERNO,09:40:00,09:43:00,09:49:00,2,2,3
1099,0188,INTERNO,10:00:00,10:01:00,10:07:00,7,6,7
1100,0188,INTERNO,10:30:00,10:33:00,10:39:00,11,9,4
1101,0189,INTERNO,08:00:00,08:02:00,08:07:00,5,4,5
1102,0189,INTERNO,08:20:00,08:23:00,08:28:00,8,5,3
1103,0189,INTERNO,08:40:00,08:44:00,08:49:00,14,12,5
1104,0189,INTERNO,09:00:00,09:05:00,09:09:00,9,8,4
1105,0189,INTERNO,09:20:00,09:22:00,09:25:00,1,0,3
1106,0189,INTERNO,09:40:00,09:43:00,09:49:00,4,3,5
1107,0189,INTERNO,10:00:00,10:03:00,10:06:00,8,5,2
1108,0189,INTERNO,10:30:00,10:33:00,10:36:00,1,1,4
1109,0190,INTERNO,11:00:00,11:04:00,11:09:00,24,16,6
1110,0190,INTERNO,11:30:00,11:30:00,11:31:00,15,2,6
1111,0190,INTERNO,12:00:00,12:01:00,12:04:00,17,8,6
1112,0190,INTERNO,12:30:00,12:30:00,12:36:00,12,10,4
1113,0190,INTERNO,13:00:00,13:04:00,13:07:00,9,8,4
1114,0191,INTERNO,11:00:00,11:04:00,11:09:00,1,1,10
1115,0191,INTERNO,11:30:00,11:34:00,11:39:00,6,4,5
1116,0191,INTERNO,12:00:00,12:04:00,12:09:00,5,4,8
1117,0191,INTERNO,12:30:00,12:31:00,12:37:00,3,3,5
1118,0191,INTERNO,13:00:00,13:04:00,13:05:00,8,7,12
1119,0191,INTERNO,13:30:00,13:35:00,13:38:00,3,3,8
1120,0192,INTERNO,08:00:00,08:06:00,08:09:00,4,4,8
1121,0192,INTERNO,08:20:00,08:23:00,08:27:00,3,3,6
1122,0192,INTERNO,08:40:00,08:45:00,08:49:00,11,9,4
1123,0192,INTERNO,09:00:00,09:05:00,09:08:00,10,9,10
1124,0192,INTERNO,09:20:00,09:22:00,09:26:00,2,2,15
1125,0192,INTERNO,09:40:00,09:45:00,09:49:00,7,4,7
1126,0192,INTERNO,10:00:00,10:03:00,10:05:00,3,3,5
1127,0192,INTERNO,10:30:00,10:31:00,10:39:00,6,6,10
1128,0193,INTERNO,14:00:00,14:02:00,14:08:00,1,0,9
1129,0193,INTERNO,14:30:00,14:32:00,14:37:00,12,6,4
1130,0193,INTERNO,15:00:00,15:00:00,15:04:00,13,11,1
1131,0193,INTERNO,16:00:00,16:01:00,16:09:00,8,5,9
1132,0194,INTERNO,08:00:00,08:02:00,08:06:00,4,4,5
1133,0194,INTERNO,08:20:00,08:21:00,08:26:00,3,2,4
1134,0194,INTERNO,08:40:00,08:42:00,08:43:00,8,7,6
1135,0194,INTERNO,09:00:00,09:03:00,09:09:00,20,10,5
1136,0194,INTERNO,09:20:00,09:24:00,09:26:00,10,5,8
1137,0194,INTERNO,09:40:00,09:40:00,09:47:00,7,5,4
1138,0194,INTERNO,10:00:00,10:04:00,10:09:00,2,1,3
1139,0195,INTERNO,08:00:00,08:00:00,08:04:00,1,0,4
1140,0195,INTERNO,08:20:00,08:21:00,08:22:00,4,4,1
1141,0195,INTERNO,08:40:00,08:42:00,08:45:00,6,5,0
1142,0195,INTERNO,09:00:00,09:03:00,09:07:00,11,9,0
1143,0195,INTERNO,09:20:00,09:24:00,09:26:00,13,11,1
1144,0195,INTERNO,09:40:00,09:40:00,09:45:00,5,4,0
1145,0195,INTERNO,10:00:00,10:00:00,10:09:00,3,1,0
1146,0195,INTERNO,10:30:00,10:32:00,10:36:00,2,2,0
1147,0196,INTERNO,11:00:00,11:01:00,11:07:00,54,53,0
1148,0196,INTERNO,11:30:00,11:32:00,11:36:00,84,81,0
1149,0196,INTERNO,12:00:00,12:01:00,12:04:00,64,61,0
1150,0196,INTERNO,12:30:00,12:32:00,12:35:00,49,48,0
1151,0196,INTERNO,13:00:00,13:03:00,13:09:00,82,80,0
1152,0196,INTERNO,13:30:00,13:33:00,13:39:00,61,60,0
1153,0197,INTERNO,14:00:00,14:02:00,14:08:00,6,5,6
1154,0197,INTERNO,14:30:00,14:32:00,14:37:00,6,6,2
1155,0197,INTERNO,15:00:00,15:06:00,15:09:00,8,7,4
1156,0197,INTERNO,15:30:00,15:32:00,15:38:00,2,2,4
1157,0197,INTERNO,16:00:00,16:00:00,16:03:00,2,2,3
1158,0198,INTERNO,11:00:00,11:04:00,11:09:00,2,2,11
1159,0198,INTERNO,11:30:00,11:36:00,11:39:00,12,11,5
1160,0198,INTERNO,12:00:00,12:00:00,12:06:00,10,7,10
1161,0198,INTERNO,12:30:00,12:33:00,12:38:00,6,4,7
1162,0198,INTERNO,13:00:00,13:01:00,13:07:00,13,9,6
1163,0198,INTERNO,13:30:00,13:30:00,13:32:00,7,4,8
1164,0199,INTERNO,08:00:00,08:00:00,08:07:00,3,3,3
1165,0199,INTERNO,08:40:00,08:43:00,08:49:00,10,6,6
1166,0199,INTERNO,09:00:00,09:02:00,09:05:00,8,1,7
1167,0199,INTERNO,09:20:00,09:21:00,09:27:00,6,5,3
1168,0199,INTERNO,09:40:00,09:45:00,09:49:00,0,0,4
1169,0199,INTERNO,10:00:00,10:03:00,10:09:00,6,5,3
1170,0200,INTERNO,14:00:00,14:03:00,14:09:00,7,7,3
1171,0200,INTERNO,14:30:00,14:33:00,14:36:00,7,5,0
1172,0200,INTERNO,15:00:00,15:00:00,15:05:00,1,1,1
1173,0200,INTERNO,15:30:00,15:33:00,15:39:00,6,5,0
1174,0200,INTERNO,16:00:00,16:00:00,16:06:00,3,3,0
1175,0201,INTERNO,08:00:00,08:04:00,08:09:00,1,0,1
1176,0201,INTERNO,08:20:00,08:26:00,08:29:00,10,9,0
1177,0201,INTERNO,08:40:00,08:40:00,08:44:00,12,9,0
1178,0201,INTERNO,09:00:00,09:03:00,09:08:00,8,8,2
1179,0201,INTERNO,09:20:00,09:23:00,09:27:00,14,12,0
1180,0201,INTERNO,09:40:00,09:42:00,09:47:00,0,0,0
1181,0201,INTERNO,10:00:00,10:04:00,10:09:00,3,3,2
1182,0201,INTERNO,10:30:00,10:34:00,10:39:00,5,4,0
1183,0202,INTERNO,11:00:00,11:03:00,11:07:00,12,4,0
1184,0202,INTERNO,12:00:00,12:00:00,12:07:00,6,6,0
1185,0202,INTERNO,12:30:00,12:33:00,12:35:00,5,3,0
1186,0202,INTERNO,13:00:00,13:04:00,13:09:00,15,15,0
1187,0202,INTERNO,13:30:00,13:33:00,13:38:00,10,10,0
1188,0203,INTERNO,08:00:00,08:02:00,08:07:00,0,0,0
1189,0203,INTERNO,08:40:00,08:40:00,08:43:00,4,4,0
1190,0203,INTERNO,09:00:00,09:04:00,09:09:00,18,6,0
1191,0203,INTERNO,09:20:00,09:22:00,09:25:00,27,22,0
1192,0203,INTERNO,09:40:00,09:40:00,09:47:00,18,10,0
1193,0203,INTERNO,10:30:00,10:36:00,10:39:00,18,12,0
1194,0204,INTERNO,08:00:00,08:00:00,08:04:00,3,2,0
1195,0204,INTERNO,08:20:00,08:27:00,08:29:00,47,46,0
1196,0204,INTERNO,08:40:00,08:43:00,08:49:00,97,75,0
1197,0204,INTERNO,09:00:00,09:07:00,09:09:00,137,80,0
1198,0204,INTERNO,09:20:00,09:22:00,09:29:00,109,97,0
1199,0204,INTERNO,09:40:00,09:42:00,09:49:00,66,63,0
1200,0204,INTERNO,10:00:00,10:04:00,10:09:00,66,63,0
1201,0204,INTERNO,10:30:00,10:32:00,10:35:00,87,83,0
1202,0205,INTERNO,08:00:00,08:03:00,08:07:00,13,5,7
1203,0205,INTERNO,08:20:00,08:20:00,08:26:00,13,6,3
1204,0205,INTERNO,08:40:00,08:40:00,08:46:00,10,9,4
1205,0205,INTERNO,09:00:00,09:00:00,09:04:00,16,11,5
1206,0205,INTERNO,09:20:00,09:22:00,09:27:00,11,8,5
1207,0205,INTERNO,09:40:00,09:43:00,09:49:00,13,12,7
1208,0205,INTERNO,10:00:00,10:04:00,10:09:00,11,4,6
1209,0205,INTERNO,10:30:00,10:33:00,10:39:00,18,13,9
1210,0206,INTERNO,08:00:00,08:06:00,08:09:00,5,3,0
1211,0206,INTERNO,08:20:00,08:23:00,08:29:00,63,63,0
1212,0206,INTERNO,08:40:00,08:44:00,08:47:00,91,76,0
1213,0206,INTERNO,09:00:00,09:09:00,09:10:00,137,78,0
1214,0206,INTERNO,09:20:00,09:22:00,09:29:00,108,94,0
1215,0206,INTERNO,09:40:00,09:40:00,09:46:00,73,70,0
1216,0206,INTERNO,10:00:00,10:02:00,10:09:00,55,55,0
1217,0206,INTERNO,10:30:00,10:37:00,10:39:00,79,78,0
1218,0207,INTERNO,14:00:00,14:02:00,14:09:00,5,0,95
1219,0207,INTERNO,14:30:00,14:35:00,14:39:00,1,0,96
1220,0207,INTERNO,15:00:00,15:05:00,15:09:00,1,0,91
1221,0207,INTERNO,15:30:00,15:33:00,15:38:00,5,0,86
1222,0208,INTERNO,11:00:00,11:08:00,11:09:00,6,4,7
1223,0208,INTERNO,11:30:00,11:30:00,11:34:00,11,7,6
1224,0208,INTERNO,12:00:00,12:04:00,12:06:00,8,6,5
1225,0208,INTERNO,12:30:00,12:34:00,12:35:00,0,0,4
1226,0208,INTERNO,13:00:00,13:03:00,13:08:00,4,1,7
1227,0208,INTERNO,13:30:00,13:34:00,13:39:00,9,5,7
1228,0209,INTERNO,14:00:00,14:00:00,14:04:00,0,0,0
1229,0209,INTERNO,14:30:00,14:33:00,14:39:00,4,4,4
1230,0209,INTERNO,15:00:00,15:03:00,15:09:00,24,14,3
1231,0209,INTERNO,15:30:00,15:30:00,15:37:00,5,4,9
1232,0209,INTERNO,16:00:00,16:04:00,16:09:00,8,6,5
1233,0210,INTERNO,08:00:00,08:00:00,08:04:00,1,0,5
1234,0210,INTERNO,08:20:00,08:22:00,08:26:00,3,3,0
1235,0210,INTERNO,08:40:00,08:43:00,08:45:00,3,3,8
1236,0210,INTERNO,09:00:00,09:03:00,09:08:00,15,14,6
1237,0210,INTERNO,09:20:00,09:21:00,09:25:00,0,0,4
1238,0210,INTERNO,10:00:00,10:00:00,10:01:00,2,1,7
1239,0210,INTERNO,10:30:00,10:32:00,10:38:00,2,0,3
1240,0211,INTERNO,11:00:00,11:06:00,11:09:00,0,0,2
1241,0211,INTERNO,11:30:00,11:34:00,11:39:00,4,4,9
1242,0211,INTERNO,12:00:00,12:03:00,12:08:00,10,7,6
1243,0211,INTERNO,12:30:00,12:34:00,12:39:00,13,11,6
1244,0211,INTERNO,13:00:00,13:01:00,13:07:00,5,5,5
1245,0211,INTERNO,13:30:00,13:35:00,13:39:00,3,2,0
1246,0212,INTERNO,08:00:00,08:00:00,08:08:00,3,3,14
1247,0212,INTERNO,08:20:00,08:23:00,08:29:00,2,2,13
1248,0212,INTERNO,08:40:00,08:40:00,08:42:00,5,4,5
1249,0212,INTERNO,09:00:00,09:01:00,09:08:00,7,6,10
1250,0212,INTERNO,09:20:00,09:22:00,09:28:00,0,0,9
1251,0212,INTERNO,09:40:00,09:43:00,09:49:00,8,7,9
1252,0212,INTERNO,10:00:00,10:05:00,10:09:00,15,13,4
1253,0212,INTERNO,10:30:00,10:32:00,10:34:00,8,7,10
1254,0213,INTERNO,11:00:00,11:03:00,11:09:00,7,6,2
1255,0213,INTERNO,11:30:00,11:30:00,11:34:00,0,0,3
1256,0213,INTERNO,12:00:00,12:04:00,12:09:00,6,4,5
1257,0213,INTERNO,12:30:00,12:33:00,12:36:00,4,4,2
1258,0213,INTERNO,13:00:00,13:00:00,13:06:00,5,5,4
1259,0213,INTERNO,13:30:00,13:30:00,13:33:00,0,0,0
1260,0214,INTERNO,08:00:00,08:04:00,08:09:00,1,1,1
1261,0214,INTERNO,08:40:00,08:40:00,08:44:00,9,7,5
1262,0214,INTERNO,09:20:00,09:20:00,09:26:00,25,9,6
1263,0214,INTERNO,09:40:00,09:42:00,09:47:00,11,9,5
1264,0214,INTERNO,10:00:00,10:05:00,10:09:00,5,3,1
1265,0214,INTERNO,10:30:00,10:34:00,10:37:00,5,5,5
1266,0215,INTERNO,08:00:00,08:02:00,08:05:00,3,3,0
1267,0215,INTERNO,08:20:00,08:23:00,08:29:00,6,6,0
1268,0215,INTERNO,08:40:00,08:40:00,08:46:00,6,6,1
1269,0215,INTERNO,09:00:00,09:02:00,09:05:00,5,5,0
1270,0215,INTERNO,09:20:00,09:21:00,09:24:00,14,12,4
1271,0215,INTERNO,09:40:00,09:43:00,09:47:00,13,12,3
1272,0215,INTERNO,10:00:00,10:05:00,10:07:00,9,8,2
1273,0215,INTERNO,10:30:00,10:30:00,10:35:00,10,7,4
1274,0216,INTERNO,08:00:00,08:03:00,08:08:00,3,3,6
1275,0216,INTERNO,08:20:00,08:23:00,08:29:00,3,3,1
1276,0216,INTERNO,08:40:00,08:46:00,08:49:00,11,9,3
1277,0216,INTERNO,09:00:00,09:02:00,09:05:00,18,2,14
1278,0216,INTERNO,09:20:00,09:20:00,09:28:00,17,5,6
1279,0216,INTERNO,09:40:00,09:43:00,09:49:00,12,1,8
1280,0216,INTERNO,10:00:00,10:04:00,10:06:00,10,3,3
1281,0216,INTERNO,10:30:00,10:35:00,10:39:00,7,7,4
1282,0217,INTERNO,08:00:00,08:00:00,08:06:00,4,3,4
1283,0217,INTERNO,08:20:00,08:21:00,08:26:00,3,3,1
1284,0217,INTERNO,08:40:00,08:42:00,08:49:00,9,7,0
1285,0217,INTERNO,09:00:00,09:04:00,09:07:00,9,7,0
1286,0217,INTERNO,09:20:00,09:20:00,09:25:00,13,10,0
1287,0217,INTERNO,09:40:00,09:40:00,09:46:00,2,1,1
1288,0217,INTERNO,10:00:00,10:02:00,10:08:00,4,4,0
1289,0217,INTERNO,10:30:00,10:32:00,10:36:00,3,3,0
1290,0218,INTERNO,14:00:00,14:02:00,14:03:00,2,2,1
1291,0218,INTERNO,14:30:00,14:34:00,14:39:00,3,3,0
1292,0218,INTERNO,15:00:00,15:04:00,15:08:00,2,1,1
1293,0218,INTERNO,15:30:00,15:34:00,15:39:00,3,3,0
1294,0218,INTERNO,16:00:00,16:04:00,16:07:00,3,3,1
1295,0219,INTERNO,11:00:00,11:03:00,11:07:00,16,3,6
1296,0219,INTERNO,11:30:00,11:32:00,11:35:00,12,7,9
1297,0219,INTERNO,12:00:00,12:04:00,12:09:00,11,10,4
1298,0219,INTERNO,13:00:00,13:00:00,13:03:00,13,9,6
1299,0220,INTERNO,11:00:00,11:03:00,11:09:00,5,5,2
1300,0220,INTERNO,11:30:00,11:31:00,11:35:00,0,0,2
1301,0220,INTERNO,12:00:00,12:03:00,12:09:00,14,12,0
1302,0220,INTERNO,12:30:00,12:31:00,12:38:00,0,0,2
1303,0220,INTERNO,13:00:00,13:02:00,13:09:00,1,1,2
1304,0220,INTERNO,13:30:00,13:31:00,13:36:00,7,6,1
1305,0221,INTERNO,14:00:00,14:04:00,14:08:00,3,3,0
1306,0221,INTERNO,14:30:00,14:30:00,14:35:00,0,0,0
1307,0221,INTERNO,15:00:00,15:03:00,15:06:00,15,12,0
1308,0221,INTERNO,15:30:00,15:32:00,15:39:00,2,2,0
1309,0221,INTERNO,16:00:00,16:05:00,16:09:00,7,5,1
1310,0222,INTERNO,11:00:00,11:03:00,11:08:00,4,4,0
1311,0222,INTERNO,11:30:00,11:33:00,11:38:00,3,0,1
1312,0222,INTERNO,12:00:00,12:03:00,12:07:00,1,0,0
1313,0222,INTERNO,12:30:00,12:32:00,12:38:00,2,1,0
1314,0222,INTERNO,13:00:00,13:04:00,13:09:00,0,0,0
1315,0222,INTERNO,13:30:00,13:30:00,13:36:00,0,0,0
1316,0223,INTERNO,14:00:00,14:02:00,14:07:00,5,4,3
1317,0223,INTERNO,14:30:00,14:31:00,14:39:00,14,12,8
1318,0223,INTERNO,15:00:00,15:01:00,15:04:00,12,10,10
1319,0223,INTERNO,15:30:00,15:32:00,15:39:00,7,6,14
1320,0223,INTERNO,16:00:00,16:04:00,16:08:00,8,6,8
1321,0224,INTERNO,08:00:00,08:01:00,08:02:00,1,1,2
1322,0224,INTERNO,08:20:00,08:23:00,08:28:00,0,0,1
1323,0224,INTERNO,08:40:00,08:40:00,08:46:00,1,0,0
1324,0224,INTERNO,09:00:00,09:02:00,09:04:00,1,0,2
1325,0224,INTERNO,09:20:00,09:20:00,09:29:00,4,4,2
1326,0224,INTERNO,09:40:00,09:42:00,09:48:00,2,2,2
1327,0224,INTERNO,10:00:00,10:06:00,10:09:00,10,9,2
1328,0224,INTERNO,10:30:00,10:34:00,10:37:00,1,1,3
1329,0225,INTERNO,11:00:00,11:00:00,11:06:00,5,0,64
1330,0225,INTERNO,11:30:00,11:31:00,11:34:00,5,0,80
1331,0225,INTERNO,12:00:00,12:04:00,12:08:00,9,0,68
1332,0225,INTERNO,12:30:00,12:32:00,12:36:00,10,0,75
1333,0225,INTERNO,13:00:00,13:02:00,13:08:00,13,0,78
1334,0225,INTERNO,13:30:00,13:33:00,13:37:00,18,0,69
1335,0226,INTERNO,11:00:00,11:02:00,11:03:00,3,3,0
1336,0226,INTERNO,11:30:00,11:32:00,11:39:00,5,3,0
1337,0226,INTERNO,12:00:00,12:03:00,12:09:00,1,0,0
1338,0226,INTERNO,12:30:00,12:30:00,12:34:00,4,4,0
1339,0226,INTERNO,13:00:00,13:03:00,13:06:00,2,2,2
1340,0226,INTERNO,13:30:00,13:33:00,13:39:00,6,4,1
1341,0227,INTERNO,08:00:00,08:04:00,08:09:00,1,1,2
1342,0227,INTERNO,08:20:00,08:22:00,08:28:00,3,3,2
1343,0227,INTERNO,08:40:00,08:43:00,08:47:00,0,0,1
1344,0227,INTERNO,09:00:00,09:01:00,09:09:00,6,6,3
1345,0227,INTERNO,09:20:00,09:20:00,09:25:00,0,0,2
1346,0227,INTERNO,09:40:00,09:45:00,09:49:00,0,0,1
1347,0227,INTERNO,10:00:00,10:05:00,10:09:00,2,0,2
1348,0227,INTERNO,10:30:00,10:34:00,10:39:00,4,4,4
1349,0228,INTERNO,11:00:00,11:02:00,11:08:00,9,3,0
1350,0228,INTERNO,11:30:00,11:34:00,11:37:00,11,11,0
1351,0228,INTERNO,12:00:00,12:03:00,12:08:00,12,12,0
1352,0228,INTERNO,12:30:00,12:32:00,12:39:00,4,4,0
1353,0228,INTERNO,13:00:00,13:03:00,13:08:00,15,8,0
1354,0228,INTERNO,13:30:00,13:33:00,13:36:00,14,6,0
1355,0229,INTERNO,08:00:00,08:00:00,08:01:00,0,0,73
1356,0229,INTERNO,08:20:00,08:22:00,08:25:00,7,0,71
1357,0229,INTERNO,08:40:00,08:42:00,08:45:00,8,0,67
1358,0229,INTERNO,09:00:00,09:03:00,09:08:00,10,0,82
1359,0229,INTERNO,09:20:00,09:25:00,09:29:00,13,0,79
1360,0229,INTERNO,09:40:00,09:47:00,09:49:00,13,0,82
1361,0229,INTERNO,10:00:00,10:03:00,10:09:00,15,0,78
1362,0229,INTERNO,10:30:00,10:36:00,10:39:00,15,0,70
1363,0230,INTERNO,08:00:00,08:03:00,08:07:00,1,1,3
1364,0230,INTERNO,08:20:00,08:22:00,08:27:00,1,1,2
1365,0230,INTERNO,08:40:00,08:44:00,08:49:00,9,8,4
1366,0230,INTERNO,09:00:00,09:00:00,09:05:00,0,0,3
1367,0230,INTERNO,09:20:00,09:24:00,09:29:00,8,7,4
1368,0230,INTERNO,09:40:00,09:41:00,09:45:00,8,7,5
1369,0230,INTERNO,10:00:00,10:03:00,10:07:00,6,5,4
1370,0230,INTERNO,10:30:00,10:31:00,10:36:00,5,4,1
1371,0231,INTERNO,08:00:00,08:07:00,08:09:00,1,0,8
1372,0231,INTERNO,08:20:00,08:22:00,08:26:00,1,1,4
1373,0231,INTERNO,08:40:00,08:42:00,08:46:00,4,3,3
1374,0231,INTERNO,09:00:00,09:03:00,09:07:00,10,2,4
1375,0231,INTERNO,09:20:00,09:21:00,09:25:00,11,8,7
1376,0231,INTERNO,09:40:00,09:40:00,09:44:00,7,7,6
1377,0231,INTERNO,10:00:00,10:02:00,10:03:00,5,4,4
1378,0231,INTERNO,10:30:00,10:33:00,10:38:00,16,15,11
1379,0232,INTERNO,08:00:00,08:01:00,08:03:00,11,11,0
1380,0232,INTERNO,08:20:00,08:22:00,08:29:00,58,57,0
1381,0232,INTERNO,08:40:00,08:40:00,08:45:00,98,75,0
1382,0232,INTERNO,09:00:00,09:05:00,09:09:00,140,76,0
1383,0232,INTERNO,09:20:00,09:23:00,09:29:00,121,97,0
1384,0232,INTERNO,09:40:00,09:43:00,09:49:00,85,84,0
1385,0232,INTERNO,10:00:00,10:06:00,10:09:00,52,51,0
1386,0232,INTERNO,10:30:00,10:34:00,10:37:00,84,80,0
1387,0233,INTERNO,11:00:00,11:01:00,11:09:00,11,8,5
1388,0233,INTERNO,11:30:00,11:30:00,11:32:00,17,15,2
1389,0233,INTERNO,12:00:00,12:05:00,12:08:00,0,0,3
1390,0233,INTERNO,12:30:00,12:33:00,12:36:00,3,3,3
1391,0233,INTERNO,13:00:00,13:04:00,13:09:00,9,7,2
1392,0233,INTERNO,13:30:00,13:33:00,13:37:00,6,6,3
1393,0234,INTERNO,08:00:00,08:02:00,08:08:00,3,3,4
1394,0234,INTERNO,08:20:00,08:22:00,08:27:00,9,7,0
1395,0234,INTERNO,08:40:00,08:43:00,08:48:00,7,6,1
1396,0234,INTERNO,09:00:00,09:00:00,09:07:00,5,3,0
1397,0234,INTERNO,09:20:00,09:21:00,09:22:00,2,0,0
1398,0234,INTERNO,09:40:00,09:43:00,09:47:00,3,1,1
1399,0234,INTERNO,10:00:00,10:04:00,10:05:00,0,0,0
1400,0234,INTERNO,10:30:00,10:33:00,10:38:00,0,0,1
1401,0235,INTERNO,14:00:00,14:02:00,14:09:00,27,26,0
1402,0235,INTERNO,14:30:00,14:34:00,14:39:00,95,90,0
1403,0235,INTERNO,15:00:00,15:00:00,15:03:00,157,97,0
1404,0235,INTERNO,15:00:00,15:02:00,15:05:00,59,58,0
1405,0235,INTERNO,15:30:00,15:31:00,15:36:00,91,87,0
1406,0235,INTERNO,16:00:00,16:04:00,16:09:00,72,69,0
1407,0236,INTERNO,11:00:00,11:03:00,11:09:00,3,0,95
1408,0236,INTERNO,11:30:00,11:32:00,11:39:00,11,0,100
1409,0236,INTERNO,12:00:00,12:06:00,12:09:00,17,0,97
1410,0236,INTERNO,12:30:00,12:32:00,12:39:00,20,0,105
1411,0236,INTERNO,13:00:00,13:01:00,13:07:00,22,0,108
1412,0236,INTERNO,13:30:00,13:31:00,13:36:00,17,0,85
1413,0237,INTERNO,11:30:00,11:33:00,11:39:00,17,13,0
1414,0237,INTERNO,12:00:00,12:02:00,12:04:00,12,11,0
1415,0237,INTERNO,12:30:00,12:33:00,12:39:00,7,7,0
1416,0237,INTERNO,13:00:00,13:01:00,13:05:00,12,12,0
1417,0238,INTERNO,11:00:00,11:03:00,11:09:00,7,6,1
1418,0238,INTERNO,11:30:00,11:31:00,11:37:00,15,12,2
1419,0238,INTERNO,12:00:00,12:03:00,12:09:00,11,9,2
1420,0238,INTERNO,12:30:00,12:33:00,12:38:00,14,12,1
1421,0238,INTERNO,13:00:00,13:01:00,13:07:00,12,10,0
1422,0238,INTERNO,13:30:00,13:32:00,13:34:00,9,8,2
1423,0239,INTERNO,08:00:00,08:05:00,08:09:00,4,3,1
1424,0239,INTERNO,08:20:00,08:23:00,08:28:00,7,6,0
1425,0239,INTERNO,08:40:00,08:40:00,08:45:00,3,3,1
1426,0239,INTERNO,09:00:00,09:03:00,09:09:00,10,8,0
1427,0239,INTERNO,09:20:00,09:20:00,09:25:00,10,8,1
1428,0239,INTERNO,09:40:00,09:45:00,09:49:00,3,3,0
1429,0239,INTERNO,10:00:00,10:05:00,10:09:00,0,0,1
1430,0239,INTERNO,10:30:00,10:35:00,10:39:00,4,4,1
1431,0240,INTERNO,11:00:00,11:00:00,11:02:00,4,3,3
1432,0240,INTERNO,11:30:00,11:32:00,11:34:00,10,2,6
1433,0240,INTERNO,12:00:00,12:04:00,12:09:00,10,9,3
1434,0240,INTERNO,12:30:00,12:33:00,12:38:00,11,3,6
1435,0240,INTERNO,13:00:00,13:03:00,13:09:00,12,10,4
1436,0240,INTERNO,13:30:00,13:34:00,13:38:00,7,6,1
1437,0241,INTERNO,14:00:00,14:01:00,14:07:00,3,3,1
1438,0241,INTERNO,14:30:00,14:31:00,14:36:00,5,4,3
1439,0241,INTERNO,15:00:00,15:02:00,15:03:00,22,19,0
1440,0241,INTERNO,15:30:00,15:33:00,15:39:00,18,17,3
1441,0241,INTERNO,16:00:00,16:01:00,16:07:00,8,5,1
1442,0242,INTERNO,08:00:00,08:05:00,08:09:00,0,0,0
1443,0242,INTERNO,08:20:00,08:25:00,08:29:00,12,11,0
1444,0242,INTERNO,08:40:00,08:42:00,08:44:00,11,11,0
1445,0242,INTERNO,09:00:00,09:04:00,09:08:00,12,10,0
1446,0242,INTERNO,09:20:00,09:23:00,09:27:00,6,5,0
1447,0242,INTERNO,09:40:00,09:47:00,09:49:00,1,0,0
1448,0242,INTERNO,10:00:00,10:05:00,10:09:00,8,7,0
1449,0242,INTERNO,10:30:00,10:34:00,10:36:00,15,4,0
1450,0243,INTERNO,14:00:00,14:06:00,14:09:00,1,1,0
1451,0243,INTERNO,14:30:00,14:32:00,14:34:00,5,3,2
1452,0243,INTERNO,15:00:00,15:02:00,15:04:00,9,8,6
1453,0243,INTERNO,15:30:00,15:32:00,15:38:00,6,5,3
1454,0243,INTERNO,16:00:00,16:00:00,16:05:00,2,2,7
1455,0244,INTERNO,14:00:00,14:03:00,14:07:00,36,35,0
1456,0244,INTERNO,14:30:00,14:33:00,14:39:00,78,75,0
1457,0244,INTERNO,15:00:00,15:02:00,15:04:00,158,108,0
1458,0244,INTERNO,15:00:00,15:03:00,15:09:00,50,50,0
1459,0244,INTERNO,15:30:00,15:36:00,15:39:00,84,83,0
1460,0244,INTERNO,16:00:00,16:04:00,16:08:00,79,78,0
1461,0245,INTERNO,08:00:00,08:02:00,08:09:00,0,0,2
1462,0245,INTERNO,08:20:00,08:23:00,08:28:00,0,0,1
1463,0245,INTERNO,08:40:00,08:44:00,08:45:00,0,0,1
1464,0245,INTERNO,09:00:00,09:04:00,09:09:00,3,3,4
1465,0245,INTERNO,09:20:00,09:21:00,09:29:00,3,2,1
1466,0245,INTERNO,09:40:00,09:44:00,09:46:00,8,7,4
1467,0245,INTERNO,10:00:00,10:03:00,10:09:00,6,5,2
1468,0245,INTERNO,10:30:00,10:31:00,10:36:00,1,0,2
1469,0246,INTERNO,14:00:00,14:04:00,14:07:00,5,3,6
1470,0246,INTERNO,14:30:00,14:31:00,14:35:00,13,4,5
1471,0246,INTERNO,15:00:00,15:03:00,15:09:00,24,6,8
1472,0246,INTERNO,15:30:00,15:33:00,15:34:00,15,2,2
1473,0247,INTERNO,14:00:00,14:04:00,14:09:00,4,4,5
1474,0247,INTERNO,14:30:00,14:32:00,14:38:00,11,10,1
1475,0247,INTERNO,15:00:00,15:04:00,15:09:00,18,4,4
1476,0247,INTERNO,16:00:00,16:04:00,16:09:00,14,11,2
1477,0248,INTERNO,14:00:00,14:06:00,14:09:00,0,0,0
1478,0248,INTERNO,14:30:00,14:35:00,14:39:00,0,0,0
1479,0248,INTERNO,15:00:00,15:00:00,15:05:00,1,1,2
1480,0248,INTERNO,15:30:00,15:32:00,15:39:00,4,4,0
1481,0248,INTERNO,16:00:00,16:03:00,16:07:00,2,2,1
1482,0249,INTERNO,08:00:00,08:03:00,08:09:00,8,3,0
1483,0249,INTERNO,08:20:00,08:22:00,08:25:00,16,15,0
1484,0249,INTERNO,08:40:00,08:45:00,08:49:00,15,4,0
1485,0249,INTERNO,09:00:00,09:03:00,09:09:00,30,14,0
1486,0249,INTERNO,09:20:00,09:23:00,09:28:00,16,4,0
1487,0249,INTERNO,10:00:00,10:04:00,10:09:00,26,4,0
1488,0249,INTERNO,10:30:00,10:34:00,10:39:00,25,13,0
1489,0250,INTERNO,14:00:00,14:03:00,14:09:00,2,1,0
1490,0250,INTERNO,14:30:00,14:35:00,14:38:00,0,0,2
1491,0250,INTERNO,15:00:00,15:02:00,15:09:00,6,5,1
1492,0250,INTERNO,15:30:00,15:36:00,15:39:00,7,6,2
1493,0250,INTERNO,16:00:00,16:03:00,16:09:00,0,0,0
1494,0251,INTERNO,14:00:00,14:03:00,14:09:00,4,4,0
1495,0251,INTERNO,14:30:00,14:36:00,14:39:00,10,9,3
1496,0251,INTERNO,15:00:00,15:00:00,15:09:00,11,9,1
1497,0251,INTERNO,15:30:00,15:35:00,15:39:00,1,1,0
1498,0251,INTERNO,16:00:00,16:01:00,16:09:00,10,8,1
1499,0252,INTERNO,11:00:00,11:02:00,11:06:00,2,1,0
1500,0252,INTERNO,11:30:00,11:32:00,11:39:00,4,4,0
1501,0252,INTERNO,12:00:00,12:03:00,12:04:00,2,1,0
1502,0252,INTERNO,12:30:00,12:35:00,12:39:00,1,1,1
1503,0252,INTERNO,13:00:00,13:05:00,13:09:00,1,0,2
1504,0252,INTERNO,13:30:00,13:35:00,13:39:00,3,3,0
1505,0253,INTERNO,11:00:00,11:00:00,11:05:00,47,7,8
1506,0253,INTERNO,11:30:00,11:35:00,11:37:00,25,12,3
1507,0253,INTERNO,12:00:00,12:04:00,12:08:00,2,1,4
1508,0253,INTERNO,12:30:00,12:33:00,12:38:00,5,5,3
1509,0253,INTERNO,13:00:00,13:01:00,13:05:00,4,3,4
1510,0253,INTERNO,13:30:00,13:32:00,13:39:00,2,1,0
1511,0254,INTERNO,14:00:00,14:03:00,14:08:00,3,2,0
1512,0254,INTERNO,14:30:00,14:35:00,14:39:00,4,3,1
1513,0254,INTERNO,15:00:00,15:03:00,15:09:00,6,6,0
1514,0254,INTERNO,15:30:00,15:30:00,15:33:00,2,0,1
1515,0254,INTERNO,16:00:00,16:03:00,16:07:00,1,0,1
1516,0255,INTERNO,08:00:00,08:01:00,08:03:00,4,4,1
1517,0255,INTERNO,08:20:00,08:20:00,08:25:00,7,5,1
1518,0255,INTERNO,08:40:00,08:43:00,08:49:00,4,3,3
1519,0255,INTERNO,09:00:00,09:00:00,09:01:00,7,7,1
1520,0255,INTERNO,09:20:00,09:23:00,09:27:00,7,7,2
1521,0255,INTERNO,09:40:00,09:44:00,09:45:00,6,6,2
1522,0255,INTERNO,10:00:00,10:02:00,10:07:00,3,2,4
1523,0255,INTERNO,10:30:00,10:31:00,10:37:00,6,4,4
1524,0256,INTERNO,14:00:00,14:00:00,14:02:00,0,0,101
1525,0256,INTERNO,14:30:00,14:35:00,14:39:00,4,0,109
1526,0256,INTERNO,15:00:00,15:00:00,15:08:00,7,0,104
1527,0256,INTERNO,16:00:00,16:00:00,16:06:00,0,0,114
1528,0257,INTERNO,14:00:00,14:07:00,14:09:00,7,4,0
1529,0257,INTERNO,14:30:00,14:34:00,14:38:00,15,2,0
1530,0257,INTERNO,15:30:00,15:30:00,15:33:00,24,19,0
1531,0257,INTERNO,16:00:00,16:02:00,16:08:00,13,9,0
1532,0258,INTERNO,11:00:00,11:03:00,11:08:00,11,10,3
1533,0258,INTERNO,11:30:00,11:30:00,11:32:00,17,13,6
1534,0258,INTERNO,12:00:00,12:04:00,12:09:00,13,7,2
1535,0258,INTERNO,12:30:00,12:33:00,12:38:00,4,4,3
1536,0258,INTERNO,13:30:00,13:32:00,13:38:00,16,6,2
1537,0259,INTERNO,14:00:00,14:00:00,14:03:00,0,0,1
1538,0259,INTERNO,14:30:00,14:34:00,14:38:00,4,3,0
1539,0259,INTERNO,15:00:00,15:01:00,15:05:00,4,3,1
1540,0259,INTERNO,15:30:00,15:34:00,15:39:00,8,5,0
1541,0259,INTERNO,16:00:00,16:00:00,16:06:00,0,0,0
1542,0260,INTERNO,11:00:00,11:02:00,11:09:00,0,0,99
1543,0260,INTERNO,11:30:00,11:34:00,11:37:00,4,0,93
1544,0260,INTERNO,12:00:00,12:01:00,12:06:00,11,0,95
1545,0260,INTERNO,12:30:00,12:33:00,12:38:00,8,0,80
1546,0260,INTERNO,13:00:00,13:01:00,13:06:00,4,0,78
1547,0260,INTERNO,13:30:00,13:34:00,13:37:00,10,0,89
1548,0261,INTERNO,14:00:00,14:00:00,14:06:00,29,29,0
1549,0261,INTERNO,14:30:00,14:33:00,14:39:00,82,78,0
1550,0261,INTERNO,15:00:00,15:01:00,15:08:00,158,105,0
1551,0261,INTERNO,15:00:00,15:02:00,15:06:00,55,52,0
1552,0261,INTERNO,15:30:00,15:32:00,15:36:00,89,85,0
1553,0261,INTERNO,16:00:00,16:03:00,16:09:00,83,81,0
1554,0262,INTERNO,11:00:00,11:01:00,11:09:00,2,2,1
1555,0262,INTERNO,11:30:00,11:30:00,11:36:00,2,2,3
1556,0262,INTERNO,12:00:00,12:06:00,12:09:00,0,0,1
1557,0262,INTERNO,12:30:00,12:32:00,12:36:00,0,0,5
1558,0262,INTERNO,13:00:00,13:05:00,13:09:00,12,11,2
1559,0262,INTERNO,13:30:00,13:34:00,13:37:00,2,0,1
1560,0263,INTERNO,11:00:00,11:01:00,11:09:00,0,0,3
1561,0263,INTERNO,11:30:00,11:35:00,11:39:00,3,3,2
1562,0263,INTERNO,12:00:00,12:04:00,12:06:00,4,3,8
1563,0263,INTERNO,12:30:00,12:34:00,12:39:00,3,2,5
1564,0263,INTERNO,13:00:00,13:01:00,13:07:00,11,3,6
1565,0263,INTERNO,13:30:00,13:32:00,13:38:00,13,7,4
1566,0264,INTERNO,08:00:00,08:00:00,08:04:00,7,5,0
1567,0264,INTERNO,08:20:00,08:26:00,08:29:00,12,11,3
1568,0264,INTERNO,08:40:00,08:41:00,08:46:00,8,8,2
1569,0264,INTERNO,09:00:00,09:02:00,09:06:00,5,4,0
1570,0264,INTERNO,09:20:00,09:23:00,09:27:00,11,8,2
1571,0264,INTERNO,09:40:00,09:44:00,09:49:00,11,10,2
1572,0264,INTERNO,10:00:00,10:03:00,10:07:00,11,9,2
1573,0264,INTERNO,10:30:00,10:30:00,10:36:00,11,10,1
1574,0265,INTERNO,14:00:00,14:04:00,14:09:00,1,0,8
1575,0265,INTERNO,14:30:00,14:34:00,14:39:00,5,4,5
1576,0265,INTERNO,15:30:00,15:32:00,15:37:00,13,3,7
1577,0265,INTERNO,16:00:00,16:01:00,16:09:00,12,6,9
1578,0266,INTERNO,11:00:00,11:01:00,11:06:00,49,12,5
1579,0266,INTERNO,11:30:00,11:30:00,11:34:00,29,1,4
1580,0266,INTERNO,12:00:00,12:02:00,12:08:00,21,15,5
1581,0266,INTERNO,12:30:00,12:30:00,12:34:00,2,2,5
1582,0266,INTERNO,13:00:00,13:04:00,13:05:00,9,7,4
1583,0266,INTERNO,13:30:00,13:35:00,13:39:00,6,4,0
1584,0267,INTERNO,11:00:00,11:01:00,11:06:00,0,0,79
1585,0267,INTERNO,11:30:00,11:30:00,11:34:00,1,0,82
1586,0267,INTERNO,12:00:00,12:03:00,12:09:00,4,0,83
1587,0267,INTERNO,12:30:00,12:37:00,12:39:00,6,0,86
1588,0267,INTERNO,13:00:00,13:02:00,13:06:00,12,0,82
1589,0267,INTERNO,13:30:00,13:33:00,13:37:00,12,0,86
1590,0268,INTERNO,11:00:00,11:02:00,11:09:00,7,6,5
1591,0268,INTERNO,11:30:00,11:31:00,11:37:00,12,5,3
1592,0268,INTERNO,12:00:00,12:03:00,12:09:00,15,4,3
1593,0268,INTERNO,12:30:00,12:30:00,12:35:00,11,10,6
1594,0268,INTERNO,13:00:00,13:01:00,13:04:00,5,5,9
1595,0268,INTERNO,13:30:00,13:34:00,13:38:00,12,7,4
1596,0269,INTERNO,14:00:00,14:02:00,14:07:00,0,0,2
1597,0269,INTERNO,14:30:00,14:36:00,14:39:00,4,4,1
1598,0269,INTERNO,15:00:00,15:05:00,15:09:00,3,3,0
1599,0269,INTERNO,15:30:00,15:32:00,15:37:00,4,3,1
1600,0269,INTERNO,16:00:00,16:02:00,16:08:00,1,0,2
1601,0270,INTERNO,11:00:00,11:03:00,11:08:00,4,0,96
1602,0270,INTERNO,11:30:00,11:33:00,11:39:00,10,0,95
1603,0270,INTERNO,12:00:00,12:06:00,12:09:00,13,0,92
1604,0270,INTERNO,12:30:00,12:31:00,12:36:00,22,0,98
1605,0270,INTERNO,13:00:00,13:05:00,13:09:00,21,0,89
1606,0270,INTERNO,13:30:00,13:33:00,13:39:00,22,0,90
1607,0271,INTERNO,14:00:00,14:02:00,14:07:00,11,10,7
1608,0271,INTERNO,14:30:00,14:34:00,14:39:00,17,8,8
1609,0271,INTERNO,15:00:00,15:02:00,15:07:00,20,16,2
1610,0271,INTERNO,15:30:00,15:35:00,15:39:00,10,8,7
1611,0271,INTERNO,16:00:00,16:07:00,16:09:00,9,8,5
1612,0272,INTERNO,08:00:00,08:03:00,08:07:00,0,0,87
1613,0272,INTERNO,08:20:00,08:23:00,08:29:00,5,0,85
1614,0272,INTERNO,08:40:00,08:43:00,08:49:00,4,0,101
1615,0272,INTERNO,09:20:00,09:23:00,09:29:00,8,0,87
1616,0272,INTERNO,09:40:00,09:44:00,09:49:00,10,0,85
1617,0272,INTERNO,10:00:00,10:01:00,10:09:00,7,0,97
1618,0272,INTERNO,10:30:00,10:32:00,10:33:00,15,0,93
1619,0273,INTERNO,11:00:00,11:03:00,11:07:00,6,3,4
1620,0273,INTERNO,11:30:00,11:32:00,11:35:00,12,9,5
1621,0273,INTERNO,12:00:00,12:05:00,12:09:00,18,11,4
1622,0273,INTERNO,12:30:00,12:33:00,12:36:00,9,8,2
1623,0273,INTERNO,13:00:00,13:02:00,13:06:00,10,7,5
1624,0273,INTERNO,13:30:00,13:31:00,13:36:00,11,2,6
1625,0274,INTERNO,14:00:00,14:04:00,14:09:00,0,0,85
1626,0274,INTERNO,14:30:00,14:32:00,14:37:00,0,0,106
1627,0274,INTERNO,15:00:00,15:05:00,15:09:00,6,0,99
1628,0274,INTERNO,15:30:00,15:31:00,15:36:00,4,0,95
1629,0274,INTERNO,16:00:00,16:00:00,16:04:00,14,0,106
1630,0275,INTERNO,11:00:00,11:03:00,11:06:00,48,46,0
1631,0275,INTERNO,11:30:00,11:30:00,11:36:00,86,84,0
1632,0275,INTERNO,12:00:00,12:03:00,12:09:00,68,65,0
1633,0275,INTERNO,12:30:00,12:33:00,12:38:00,68,63,0
1634,0275,INTERNO,13:00:00,13:03:00,13:07:00,99,97,0
1635,0275,INTERNO,13:30:00,13:32:00,13:38:00,58,56,0
1636,0276,INTERNO,14:00:00,14:02:00,14:09:00,0,0,77
1637,0276,INTERNO,14:30:00,14:31:00,14:37:00,0,0,74
1638,0276,INTERNO,15:00:00,15:00:00,15:06:00,0,0,70
1639,0276,INTERNO,15:30:00,15:34:00,15:39:00,3,0,71
1640,0276,INTERNO,16:00:00,16:04:00,16:09:00,10,0,73
1641,0277,INTERNO,14:00:00,14:02:00,14:07:00,6,5,4
1642,0277,INTERNO,14:30:00,14:33:00,14:36:00,10,9,3
1643,0277,INTERNO,15:00:00,15:01:00,15:05:00,19,2,4
1644,0277,INTERNO,15:30:00,15:30:00,15:34:00,19,5,5
1645,0278,INTERNO,14:00:00,14:04:00,14:09:00,6,4,2
1646,0278,INTERNO,14:30:00,14:32:00,14:37:00,10,9,4
1647,0278,INTERNO,15:00:00,15:05:00,15:09:00,16,13,1
1648,0278,INTERNO,15:30:00,15:32:00,15:35:00,10,7,6
1649,0278,INTERNO,16:00:00,16:00:00,16:07:00,0,0,6
1650,0279,INTERNO,14:00:00,14:03:00,14:06:00,1,1,2
1651,0279,INTERNO,14:30:00,14:32:00,14:39:00,0,0,1
1652,0279,INTERNO,15:00:00,15:02:00,15:09:00,0,0,3
1653,0279,INTERNO,15:30:00,15:33:00,15:39:00,0,0,2
1654,0279,INTERNO,16:00:00,16:03:00,16:08:00,0,0,2
